daban,model,日数,平均差枚,プラス率%,最大差枚,最新差枚,スコア
393,,35,2492.8,100.0,11322,,1.0
395,,33,2535.7,100.0,11020,,1.0
396,,31,2722.8,100.0,11200,6403,1.0
415,,33,2031.8,100.0,8993,,1.0
418,,35,2250.9,100.0,11705,,1.0
419,,27,2642,100.0,11996,,1.0
422,,31,2255.1,100.0,11202,,1.0
424,,32,2591.3,100.0,11132,,1.0
425,,23,3588.3,100.0,10911,,1.0
426,,23,3149.1,100.0,10873,,1.0
427,,26,3715.4,100.0,11824,2751,1.0
428,,26,3685.5,100.0,13839,490,1.0
429,,24,3060.3,100.0,9676,,1.0
436,Lパチスロからくりサーカス2,35,4083.5,100.0,18671,448,1.0
438,,38,3182.3,100.0,13254,68,1.0
439,,25,2211,100.0,8560,,1.0
441,L東京喰種,36,3696.1,100.0,12368,,1.0
444,L東京喰種,37,3741.1,100.0,13171,,1.0
446,L東京喰種,42,3517.8,100.0,12363,,1.0
447,L東京喰種,34,2701.6,100.0,12373,2159,1.0
452,,31,2707.7,100.0,7903,,1.0
455,,28,2479.6,100.0,7724,3284,1.0
456,,32,2889.4,100.0,8617,,1.0
457,,40,2395.6,100.0,6410,1114,1.0
462,,28,3187.3,100.0,8561,,1.0
467,Lパチスロ彼女、お借りします,27,2069.7,100.0,8226,2409,1.0
468,,35,2632.3,100.0,11277,1121,1.0
469,,38,2394.1,100.0,8062,,1.0
472,,24,2612.9,100.0,9414,742,1.0
486,,33,5005.8,100.0,14671,,1.0
488,,31,5103.7,100.0,14363,4959,1.0
489,,32,3902.6,100.0,10695,,1.0
492,,33,2520,100.0,9666,,1.0
499,スマスロモンキーターンV,37,2184.8,100.0,5641,3771,1.0
465,Lパチスロ彼女、お借りします,33,2795.2,97.0,8113,,0.985
417,,32,2698.2,96.9,10207,1960,0.984
397,,30,2388.9,96.7,13060,,0.983
442,L東京喰種,29,2878.8,96.6,8732,,0.983
434,Lパチスロからくりサーカス2,28,3181,96.4,10270,,0.982
459,,28,3177.9,96.4,10625,,0.982
474,,28,2300.6,96.4,9538,,0.982
475,L ULTRAMAN 最終決戦,28,2883.6,96.4,14222,,0.982
409,,26,2557.1,96.2,11774,772,0.981
487,,27,3953.6,96.3,11272,,0.981
394,,25,2126.1,96.0,8280,,0.98
454,,24,2414.9,95.8,8990,,0.979
421,,46,2663.7,95.7,10100,330,0.978
443,L東京喰種,28,1895,100.0,7854,2207,0.974
476,L邪神ちゃんドロップキック,37,3283.4,94.6,9604,648,0.973
453,,34,3730.5,94.1,13075,,0.971
458,,30,2189.8,93.3,11341,,0.967
491,,29,2312.8,93.1,11827,,0.966
437,Lパチスロからくりサーカス2,28,2479.9,92.9,14672,88,0.964
461,,36,2440.3,91.7,11705,,0.958
466,Lパチスロ彼女、お借りします,35,2875.1,91.4,11132,1187,0.957
423,,33,1823.9,100.0,6359,,0.956
493,,34,2063.7,91.2,6494,,0.956
401,,38,1818.4,100.0,8685,2728,0.955
435,Lパチスロからくりサーカス2,32,2640,90.6,12523,655,0.953
448,,32,2056.3,90.6,11203,,0.953
445,L東京喰種,40,2763.9,90.0,13585,,0.95
478,L青春ブタ野郎はバニーガール先輩の夢を見ない,35,1827,97.1,12593,,0.942
498,スマスロモンキーターンV,34,1817,97.1,8170,,0.94
432,Lパチスロからくりサーカス2,37,2319.1,86.5,12060,,0.932
399,,37,1772.9,97.3,6851,,0.93
413,,21,2511.8,85.7,7709,,0.929
398,,34,1742.1,97.1,9110,,0.921
414,,41,1589.4,100.0,7004,107,0.897
416,,37,1628.4,97.3,13510,,0.894
407,Lスマスロ北斗の拳,34,1734.4,91.2,16709,,0.889
431,,28,2334.6,75.0,10672,,0.875
496,,30,1611.7,93.3,7557,2914,0.87
408,Lスマスロ北斗の拳,20,1727.0,85.0,6358,,0.857
479,L青春ブタ野郎はバニーガール先輩の夢を見ない,35,1428.4,100.0,6232,1980,0.857
348,マイジャグラーV,30,1450.6,96.7,5848,,0.846
451,,32,1695.5,84.4,9296,,0.846
463,Lパチスロ彼女、お借りします,44,1561.8,90.9,6804,,0.845
473,スマスロ化物語,34,1367.4,100.0,8952,,0.842
402,,36,2127.4,66.7,10899,4203,0.833
359,マイジャグラーV,34,1291.7,100.0,3641,176,0.823
464,Lパチスロ彼女、お借りします,36,1634.4,80.6,8743,1783,0.811
384,ゴーゴージャグラー３,27,1213.8,100.0,5063,5063,0.803
403,Lスマスロ北斗の拳,34,1693.7,73.5,9170,,0.791
412,,38,1429.0,86.8,7659,,0.791
485,スマスロ タコスロ,42,1180.6,97.6,4514,,0.783
405,Lスマスロ北斗の拳,32,1442.3,84.4,7555,3977,0.782
361,マイジャグラーV,29,1107.1,100.0,5524,,0.777
347,マイジャグラーV,33,1103.5,100.0,5333,,0.776
497,スマスロモンキーターンV,34,1452.3,82.4,6312,652,0.775
449,,28,1089.4,100.0,4506,,0.772
501,スマスロモンキーターンV,38,1341.4,86.8,5295,0,0.77
494,,45,1339.8,86.7,6318,313,0.768
365,ファンキージャグラー２ＫＴ,34,1058.5,100.0,3228,,0.765
381,ファンキージャグラー２ＫＴ,34,1061.8,100.0,4909,,0.765
392,,30,1058.1,100.0,2899,,0.765
345,マイジャグラーV,32,1055.6,100.0,4408,,0.764
471,,21,1526.9,76.2,6860,,0.763
481,,32,1043.7,100.0,5019,,0.761
386,ゴーゴージャグラー３,36,1090.2,97.2,5136,,0.759
346,マイジャグラーV,42,1001.4,100.0,5648,,0.75
375,ネオアイムジャグラーEX,31,995.6,100.0,4981,,0.749
362,マイジャグラーV,32,989.3,100.0,2671,1072,0.747
477,戦国コレクション6,34,1033.0,97.1,3619,910,0.744
344,マイジャグラーV,26,1032.7,96.2,3696,221,0.739
495,,35,1243.2,85.7,9326,,0.739
433,Lパチスロからくりサーカス2,31,1526.9,71.0,9231,69,0.737
357,マイジャグラーV,30,936.6,100.0,3672,,0.734
351,マイジャグラーV,29,920.8,100.0,3871,,0.73
376,ネオアイムジャグラーEX,45,918.9,100.0,3870,1825,0.73
367,,35,917.3,100.0,3088,,0.729
366,,32,910.1,100.0,6142,,0.728
483,,29,877.7,100.0,2741,606,0.719
411,,27,1315.4,77.8,7053,,0.718
382,ファンキージャグラー２ＫＴ,40,862.2,100.0,4177,,0.716
406,Lスマスロ北斗の拳,33,1470.2,69.7,9001,,0.716
484,,30,847.7,100.0,2560,,0.712
385,ゴーゴージャグラー３,36,842.9,100.0,2128,,0.711
374,ネオアイムジャグラーEX,31,834.1,100.0,3617,,0.709
387,ゴーゴージャグラー３,39,830.9,100.0,3815,,0.708
389,,29,823.4,100.0,2607,974,0.706
353,,35,819.2,100.0,2609,,0.705
358,マイジャグラーV,26,811.4,100.0,2826,563,0.703
377,ネオアイムジャグラーEX,34,913.2,94.1,4001,270,0.699
373,ネオアイムジャグラーEX,36,791.2,100.0,3538,307,0.698
343,マイジャグラーV,37,949.6,91.9,3418,672,0.697
355,,36,785.1,100.0,2632,,0.696
369,,30,826.0,96.7,2097,,0.69
379,ファンキージャグラー２ＫＴ,34,744.5,100.0,4621,384,0.686
356,,41,739.1,100.0,4439,988,0.685
371,,31,802.7,96.8,2981,,0.685
352,マイジャグラーV,29,800.8,96.6,2852,,0.683
364,ファンキージャグラー２ＫＴ,40,711.2,100.0,2231,,0.678
391,,31,708,100.0,2520,,0.677
404,Lスマスロ北斗の拳,35,1103.1,80.0,7402,585,0.676
349,マイジャグラーV,37,697.5,100.0,1904,,0.674
363,ファンキージャグラー２ＫＴ,28,837.5,92.9,2871,737,0.674
388,ゴーゴージャグラー３,25,743.2,96.0,2574,,0.666
383,ゴーゴージャグラー３,28,635.9,100.0,1903,1008,0.659
354,,36,740.4,94.4,4407,,0.657
482,,32,622.4,100.0,1935,,0.656
368,,39,670.4,97.4,3365,,0.655
372,,38,624.5,97.4,2562,,0.643
378,ファンキージャグラー２ＫＴ,36,553.9,97.2,2143,,0.625
360,マイジャグラーV,88,174.4,42.0,6801,1110,0.254
450,,88,133.7,42.0,7297,-150,0.244
350,マイジャグラーV,88,38.4,45.5,4208,152,0.237
470,,88,81.1,39.8,5219,-5,0.219
380,ファンキージャグラー２ＫＴ,88,48.0,38.6,5219,-512,0.205
480,,88,-225.8,39.8,3670,740,0.199
400,,88,-82.8,38.6,10104,98,0.193
390,,88,-97.4,36.4,3032,1577,0.182
410,,88,-12.1,36.4,12059,110,0.182
500,スマスロモンキーターンV,88,49.1,33.0,7947,1769,0.177
490,,88,-448.9,35.2,11999,-6171,0.176
440,,88,-296.2,34.1,10268,2181,0.17
370,,88,-100.1,31.8,3833,969,0.159
460,,88,-344.3,29.5,14227,1691,0.148
420,,88,-607.0,27.3,5449,2343,0.136
430,,88,-612.8,20.5,13338,-2079,0.102
