日付タイプ,model,延べ台日,平均差枚,勝率%
ゾロ目/0,攻殻機動隊,9,924.0,77.8
ゾロ目/0,マギアレコード 魔法少女まどか☆マギカ外伝,30,1397.0,63.3
ゾロ目/0,ソードアート・オンラインII,18,2053.0,61.1
ゾロ目/0,ヤバチバ,12,321.3,58.3
ゾロ目/0,虚構推理,12,1081.5,58.3
ゾロ目/0,ミリオンゴッド‐神々の軌跡‐,12,1035.0,58.3
ゾロ目/0,L邪神ちゃんドロップキック,25,0.0,56.0
ゾロ目/0,Lパチスロ彼女、お借りします,9,0.0,55.6
ゾロ目/0,ネオアイムジャグラーEX,24,29.9,54.2
ゾロ目/0,スロット ワールドダイスター,32,0.2,53.1
ゾロ目/0,うみねこのなく頃に2,36,269.3,52.8
ゾロ目/0,パチスロ戦国恋姫,84,0.1,52.4
ゾロ目/0,L ULTRAMAN 最終決戦,8,0.0,50.0
ゾロ目/0,交響詩篇エウレカセブン HI-EVOLUTION ZERO TYPE-ART,14,0.1,50.0
ゾロ目/0,翔べ！ハーレムエース,14,0.0,50.0
ゾロ目/0,アズールレーン THE ANIMATION,10,2394.5,50.0
ゾロ目/0,少女☆歌劇 レヴュースタァライト ‐The SLOT‐,30,679.7,50.0
ゾロ目/0,痛いのは嫌なので防御力に極振りしたいと思います。,8,1086.0,50.0
ゾロ目/0,戦国乙女5 業火を穿つ宿焔の双刃,111,569.7,49.5
ゾロ目/0,スマスロ リコリス・リコイル,90,0.0,48.9
ゾロ目/0,L南国育ち SPECIAL,31,109.0,48.4
ゾロ目/0,Lマジカルハロウィン8,21,0.0,47.6
ゾロ目/0,とある魔術の禁書目録2,30,1123.0,46.7
ゾロ目/0,スマスロ タコスロ,9,0.0,44.4
ゾロ目/0,L戦国乙女5 業火を穿つ宿焔の双刃,258,0.0,43.8
ゾロ目/0,モンキーターンV,30,402.0,43.3
ゾロ目/0,ミスタージャグラー,28,-0.1,42.9
ゾロ目/0,L青春ブタ野郎はバニーガール先輩の夢を見ない,54,0.0,42.6
ゾロ目/0,パチスロ　ツインエンジェルＰＡＲＴＹ,12,0.0,41.7
ゾロ目/0,A-SLOT+異世界かるてっとBT,39,-0.2,41.0
ゾロ目/0,戦国コレクション6,132,144.4,40.9
ゾロ目/0,Lパチスロうみねこのなく頃に2,84,0.0,40.5
ゾロ目/0,Lバンドリ！,84,0.0,40.5
ゾロ目/0,スマスロ ゴッドイーター リザレクション,15,-0.3,40.0
ゾロ目/0,スマスロ ハナビ,40,36.0,40.0
ゾロ目/0,スマスロ とある魔術の禁書目録2,60,0.0,40.0
ゾロ目/0,スマスロ 甲鉄城のカバネリ 海門決戦,183,-0.1,39.9
ゾロ目/0,SHAKE BONUS TRIGGER,43,143.9,39.5
ゾロ目/0,スマスロ バイオハザードRE:3,18,0.0,38.9
ゾロ目/0,ToLOVEるダークネス TRANCE ver.8.7,18,630.0,38.9
ゾロ目/0,スマスロ ストリートファイター6,13,0.2,38.5
ゾロ目/0,甲鉄城のカバネリ 海門(うなと)決戦,60,630.0,38.3
ゾロ目/0,真打 吉宗,45,220.9,37.8
ゾロ目/0,スマスロ サンダーV,35,-0.4,37.1
ゾロ目/0,スロット ソードアート・オンラインⅡ,126,-0.1,36.5
ゾロ目/0,L東京喰種,105,-0.1,36.2
ゾロ目/0,スマスロ化物語,69,-0.2,36.2
ゾロ目/0,邪神ちゃんドロップキック,25,1291.7,36.0
ゾロ目/0,ゴーゴージャグラー３,14,-0.3,35.7
ゾロ目/0,スマート沖スロ ニューキングハナハナV,14,-0.1,35.7
ゾロ目/0,A-SLOT+ ディスクアップ ULTRAREMIX,20,-0.3,35.0
ゾロ目/0,スマスロ 攻殻機動隊,63,-0.1,34.9
ゾロ目/0,L ToLOVEるダークネス TRANCE ver.8.7,63,-0.1,34.9
ゾロ目/0,Lパチスロからくりサーカス2,87,-0.3,34.5
ゾロ目/0,プリズムナナ,64,311.8,34.4
ゾロ目/0,Lタクトオーパス デスティニー,35,-0.4,34.3
ゾロ目/0,スマスロBIRDIE WING-Golf Girls’ Story-,21,-0.1,33.3
ゾロ目/0,スマスロ とんでもスキルで異世界放浪メシ,12,-0.2,33.3
ゾロ目/0,戦国†恋姫,12,326.0,33.3
ゾロ目/0,からくりサーカス2,15,1905.0,33.3
ゾロ目/0,スマスロモンキーターンV,70,-0.4,31.4
ゾロ目/0,マイジャグラーV,96,13.0,31.2
ゾロ目/0,アレックス ブライト,39,110.8,30.8
ゾロ目/0,A-SLOT+ この素晴らしい世界に祝福を！,20,-0.2,30.0
ゾロ目/0,ウルトラミラクルジャグラー,27,118.7,29.6
ゾロ目/0,クレアの秘宝伝～はじまりの扉と太陽の石～ボーナストリガーver.,17,-0.2,29.4
ゾロ目/0,この素晴らしい世界に祝福を！,24,218.4,29.2
ゾロ目/0,バンドリ！,24,637.5,29.2
ゾロ目/0,スマスロ マギアレコード 魔法少女まどか☆マギカ外伝,210,0.0,29.0
ゾロ目/0,Lパチスロ革命機ヴァルヴレイヴ2,35,-0.4,28.6
ゾロ目/0,Lパチスロガールズ＆パンツァー 最終章,21,-0.3,28.6
ゾロ目/0,L D4DJ Pachi-Slot Mix,14,-0.3,28.6
ゾロ目/0,スマスロケロット5BT,14,-0.4,28.6
ゾロ目/0,スロット ゾンビランドサガ,14,-0.4,28.6
ゾロ目/0,スマスロとある科学の超電磁砲2,18,-0.2,27.8
ゾロ目/0,Lソードアート・オンライン,34,-0.4,26.5
ゾロ目/0,Lパチスロ炎炎ノ消防隊2,46,-0.4,26.1
ゾロ目/0,Lひぐらしのなく頃に業,35,-0.4,25.7
ゾロ目/0,L戦国乙女４　戦乱に閃く炯眼の軍師,20,0.0,25.0
ゾロ目/0,スマスロ痛いのは嫌なので防御力に極振りしたいと思います。,28,-0.6,25.0
ゾロ目/0,ＳＬＯＴまどか前後編,8,-0.5,25.0
ゾロ目/0,L虚構推理,45,0.0,24.4
ゾロ目/0,Lパチスロ喰霊-零-Re,21,-0.7,23.8
ゾロ目/0,Lアズールレーン THE ANIMATION,35,-0.6,22.9
ゾロ目/0,Lアクダマドライブ,9,-0.3,22.2
ゾロ目/0,回胴式遊技機グランベルム,14,-0.4,21.4
ゾロ目/0,スマスロ スーパーリオエース2,54,-0.4,20.4
ゾロ目/0,L少女☆歌劇 レヴュースタァライト -The SLOT-,70,-0.6,20.0
ゾロ目/0,スマスロ ビッグドリーム THE GOLDEN PUSHER,15,-0.7,20.0
ゾロ目/0,スマスロ やじきた道中記参る！,22,-0.5,18.2
ゾロ目/0,Lラブ嬢3～Wご指名はいかがですか?～,30,-0.7,16.7
ゾロ目/0,アニマルスロット ドッチ,18,-0.7,16.7
ゾロ目/0,スマスロ ミリオンゴッド-神々の軌跡-,72,-0.9,15.3
ゾロ目/0,L無職転生～異世界行ったら本気だす～,14,-0.7,7.1
ゾロ目/0,スマート沖スロ ダークハイビ,14,-0.9,7.1
曜:土,攻殻機動隊,9,924.0,77.8
曜:土,交響詩篇エウレカセブン HI-EVOLUTION ZERO TYPE-ART,12,0.5,75.0
曜:土,革命機ヴァルヴレイヴ2,10,1546.5,70.0
曜:土,スマスロ とんでもスキルで異世界放浪メシ,9,0.3,66.7
曜:土,ストリートファイター6,14,1363.0,64.3
曜:土,L ULTRAMAN 最終決戦,8,0.2,62.5
曜:土,ワールドダイスター,8,670.0,62.5
曜:土,モンキーターンV,10,769.0,60.0
曜:土,虚構推理,12,1223.0,58.3
曜:土,Lパチスロうみねこのなく頃に2,72,0.2,55.6
曜:土,ToLOVEるダークネス TRANCE ver.8.7,9,737.0,55.6
曜:土,SHAKE BONUS TRIGGER,38,163.2,55.3
曜:土,戦国†恋姫,24,337.5,54.2
曜:土,うみねこのなく頃に2,24,401.5,54.2
曜:土,L邪神ちゃんドロップキック,19,0.0,52.6
曜:土,L青春ブタ野郎はバニーガール先輩の夢を見ない,36,0.0,50.0
曜:土,L戦国乙女5 業火を穿つ宿焔の双刃,221,0.2,48.9
曜:土,マギアレコード 魔法少女まどか☆マギカ外伝,60,770.0,48.3
曜:土,ソードアート・オンラインII,54,1027.7,48.1
曜:土,この素晴らしい世界に祝福を！,21,177.6,47.6
曜:土,東京喰種,15,1426.0,46.7
曜:土,戦国乙女5 業火を穿つ宿焔の双刃,74,450.5,45.9
曜:土,スロット ワールドダイスター,24,0.0,45.8
曜:土,スマスロ ハナビ,35,127.3,45.7
曜:土,パチスロ戦国恋姫,72,-0.2,44.4
曜:土,A-SLOT+異世界かるてっとBT,34,-0.1,44.1
曜:土,少女☆歌劇 レヴュースタァライト ‐The SLOT‐,30,406.0,43.3
曜:土,スマスロ スーパーリオエース2,49,-0.0,42.9
曜:土,ネオアイムジャグラーEX,21,63.4,42.9
曜:土,やじきた道中記参る！,21,1637.0,42.9
曜:土,からくりサーカス2,45,1646.0,42.2
曜:土,甲鉄城のカバネリ 海門(うなと)決戦,90,443.3,42.2
曜:土,L南国育ち SPECIAL,24,-0.1,41.7
曜:土,スマスロ痛いのは嫌なので防御力に極振りしたいと思います。,24,-0.3,41.7
曜:土,L D4DJ Pachi-Slot Mix,12,-0.2,41.7
曜:土,回胴式遊技機グランベルム,12,-0.2,41.7
曜:土,スマスロ やじきた道中記参る！,17,0.0,41.2
曜:土,マイジャグラーV,84,31.1,40.5
曜:土,スマスロモンキーターンV,60,0.0,40.0
曜:土,Lタクトオーパス デスティニー,30,-0.2,40.0
曜:土,タクトオーパス デスティニー,10,2245.5,40.0
曜:土,とある魔術の禁書目録2,15,845.0,40.0
曜:土,スマスロ化物語,64,-0.2,39.1
曜:土,A-SLOT+ この素晴らしい世界に祝福を！,18,-0.2,38.9
曜:土,プリズムナナ,57,375.3,38.6
曜:土,アレックス ブライト,26,-0.2,38.5
曜:土,戦国コレクション6,146,156.5,38.4
曜:土,L少女☆歌劇 レヴュースタァライト -The SLOT-,60,-0.3,38.3
曜:土,スマスロ リコリス・リコイル,60,0.0,38.3
曜:土,Lソードアート・オンライン,29,-0.5,37.9
曜:土,スマスロ 甲鉄城のカバネリ 海門決戦,162,0.0,37.7
曜:土,Lバンドリ！,72,-0.2,37.5
曜:土,Lパチスロ炎炎ノ消防隊2,40,-0.2,37.5
曜:土,バンドリ！,24,417.0,37.5
曜:土,スロット ソードアート・オンラインⅡ,108,-0.2,37.0
曜:土,Lひぐらしのなく頃に業,30,-0.2,36.7
曜:土,スマスロ ストリートファイター6,11,-0.2,36.4
曜:土,ヤバチバ,14,696.0,35.7
曜:土,スマート沖スロ ニューキングハナハナV,14,96.6,35.7
曜:土,スマスロ 攻殻機動隊,54,-0.3,35.2
曜:土,真打 吉宗,37,38.3,35.1
曜:土,L戦国乙女４　戦乱に閃く炯眼の軍師,20,-0.5,35.0
曜:土,スマスロ マギアレコード 魔法少女まどか☆マギカ外伝,180,-0.2,34.4
曜:土,L東京喰種,90,-0.2,34.4
曜:土,Lラブ嬢3～Wご指名はいかがですか?～,27,-0.4,33.3
曜:土,Lアクダマドライブ,9,-0.3,33.3
曜:土,ウルトラミラクルジャグラー,21,178.7,33.3
曜:土,L無職転生～異世界行ったら本気だす～,12,-0.3,33.3
曜:土,スーパーリオエース2,18,929.0,33.3
曜:土,化物語,9,1091.0,33.3
曜:土,ミリオンゴッド‐神々の軌跡‐,12,476.0,33.3
曜:土,Lパチスロからくりサーカス2,78,-0.3,32.1
曜:土,スマスロ とある魔術の禁書目録2,45,-0.3,31.1
曜:土,スマスロ ミリオンゴッド-神々の軌跡-,65,-0.5,30.8
曜:土,邪神ちゃんドロップキック,13,890.2,30.8
曜:土,L ToLOVEるダークネス TRANCE ver.8.7,54,-0.5,27.8
曜:土,スマスロとある科学の超電磁砲2,18,-0.4,27.8
曜:土,スマスロ バイオハザードRE:3,18,-0.6,27.8
曜:土,A-SLOT+ ディスクアップ ULTRAREMIX,18,-0.4,27.8
曜:土,Lパチスロガールズ＆パンツァー 最終章,18,-0.3,27.8
曜:土,Lマジカルハロウィン8,18,-0.3,27.8
曜:土,スマスロBIRDIE WING-Golf Girls’ Story-,18,-0.2,27.8
曜:土,スマスロ サンダーV,30,-0.3,26.7
曜:土,Lアズールレーン THE ANIMATION,31,-0.6,25.8
曜:土,ミスタージャグラー,24,-0.5,25.0
曜:土,パチスロ　ツインエンジェルＰＡＲＴＹ,12,-0.5,25.0
曜:土,ＳＬＯＴまどか前後編,8,-0.5,25.0
曜:土,Lパチスロ革命機ヴァルヴレイヴ2,30,-0.5,23.3
曜:土,アニマルスロット ドッチ,14,-0.4,21.4
曜:土,L虚構推理,39,-0.5,20.5
曜:土,スマスロ ビッグドリーム THE GOLDEN PUSHER,15,-0.7,20.0
曜:土,クレアの秘宝伝～はじまりの扉と太陽の石～ボーナストリガーver.,16,-0.7,18.8
曜:土,スマート沖スロ ダークハイビ,12,-0.7,16.7
曜:土,翔べ！ハーレムエース,12,-0.7,16.7
曜:土,ゴーゴージャグラー３,12,-0.7,16.7
曜:土,Lパチスロ喰霊-零-Re,14,-0.5,14.3
曜:土,スマスロケロット5BT,12,-0.8,8.3
曜:土,スロット ゾンビランドサガ,12,-0.8,8.3
曜:土,スマスロ ゴッドイーター リザレクション,15,-1.0,0.0
曜:日,L不二子BT,8,0.8,75.0
曜:日,ワールドダイスター,24,3064.0,75.0
曜:日,うみねこのなく頃に2,36,692.7,63.9
曜:日,戦国†恋姫,36,1282.7,63.9
曜:日,痛いのは嫌なので防御力に極振りしたいと思います。,8,1946.0,62.5
曜:日,ミリオンゴッド‐神々の軌跡‐,24,790.5,62.5
曜:日,ToLOVEるダークネス TRANCE ver.8.7,18,2498.0,61.1
曜:日,少女☆歌劇 レヴュースタァライト ‐The SLOT‐,30,987.3,60.0
曜:日,ソードアート・オンライン,10,976.0,60.0
曜:日,スマスロ とある魔術の禁書目録2,45,0.3,57.8
曜:日,ゴーゴージャグラー３,14,0.1,57.1
曜:日,ストリートファイター6,14,756.5,57.1
曜:日,A-SLOT+ ディスクアップ ULTRAREMIX,22,0.3,54.5
曜:日,スロット ワールドダイスター,24,0.3,54.2
曜:日,パチスロ　ツインエンジェルＰＡＲＴＹ,15,0.2,53.3
曜:日,革命機ヴァルヴレイヴ2,15,3184.0,53.3
曜:日,ウルトラミラクルジャグラー,27,187.9,51.9
曜:日,Lパチスロうみねこのなく頃に2,84,0.0,51.2
曜:日,とある魔術の禁書目録2,45,1603.3,51.1
曜:日,パチスロ戦国恋姫,84,0.0,50.0
曜:日,ネオアイムジャグラーEX,24,29.9,50.0
曜:日,スマスロ新鬼武者3,8,0.0,50.0
曜:日,回胴式遊技機グランベルム,14,0.0,50.0
曜:日,交響詩篇エウレカセブン HI-EVOLUTION ZERO TYPE-ART,14,0.0,50.0
曜:日,マギアレコード 魔法少女まどか☆マギカ外伝,90,654.3,50.0
曜:日,ソードアート・オンラインII,18,673.0,50.0
曜:日,虚構推理,12,806.0,50.0
曜:日,バンドリ！,12,554.0,50.0
曜:日,L青春ブタ野郎はバニーガール先輩の夢を見ない,36,0.0,50.0
曜:日,L ToLOVEるダークネス TRANCE ver.8.7,63,0.0,49.2
曜:日,戦国乙女5 業火を穿つ宿焔の双刃,111,821.7,48.6
曜:日,甲鉄城のカバネリ 海門(うなと)決戦,60,669.5,48.3
曜:日,スマスロ リコリス・リコイル,60,0.0,48.3
曜:日,L戦国乙女5 業火を穿つ宿焔の双刃,257,0.0,48.2
曜:日,L戦国乙女４　戦乱に閃く炯眼の軍師,25,-0.2,48.0
曜:日,A-SLOT+異世界かるてっとBT,40,-0.1,47.5
曜:日,ミスタージャグラー,28,-0.1,46.4
曜:日,スマスロ ハナビ,35,-0.1,45.7
曜:日,Lひぐらしのなく頃に業,35,-0.1,45.7
曜:日,スーパーリオエース2,27,752.0,44.4
曜:日,L東京喰種,105,-0.1,43.8
曜:日,スマスロ バイオハザードRE:3,23,-0.4,43.5
曜:日,L少女☆歌劇 レヴュースタァライト -The SLOT-,70,-0.1,42.9
曜:日,Lパチスロ革命機ヴァルヴレイヴ2,35,-0.1,42.9
曜:日,スマスロ サンダーV,35,-0.1,42.9
曜:日,スマスロ痛いのは嫌なので防御力に極振りしたいと思います。,28,0.0,42.9
曜:日,スマスロBIRDIE WING-Golf Girls’ Story-,21,0.0,42.9
曜:日,L無職転生～異世界行ったら本気だす～,14,-0.1,42.9
曜:日,スマスロケロット5BT,14,-0.1,42.9
曜:日,翔べ！ハーレムエース,14,-0.1,42.9
曜:日,スマート沖スロ ニューキングハナハナV,14,0.0,42.9
曜:日,マイジャグラーV,108,79.7,41.7
曜:日,戦国コレクション6,118,86.2,41.5
曜:日,Lソードアート・オンライン,34,-0.0,41.2
曜:日,スマスロ やじきた道中記参る！,17,-0.3,41.2
曜:日,スマスロ 甲鉄城のカバネリ 海門決戦,192,0.0,40.1
曜:日,スマスロ ゴッドイーター リザレクション,20,-0.2,40.0
曜:日,モンキーターンV,10,247.0,40.0
曜:日,スマスロ マギアレコード 魔法少女まどか☆マギカ外伝,210,0.0,39.5
曜:日,Lバンドリ！,84,-0.3,39.3
曜:日,スマスロとある科学の超電磁砲2,23,-0.2,39.1
曜:日,アレックス ブライト,31,-0.3,38.7
曜:日,邪神ちゃんドロップキック,13,1154.7,38.5
曜:日,Lパチスロ炎炎ノ消防隊2,47,0.0,38.3
曜:日,スロット ソードアート・オンラインⅡ,126,0.0,38.1
曜:日,Lマジカルハロウィン8,21,-0.1,38.1
曜:日,Lアズールレーン THE ANIMATION,37,-0.2,37.8
曜:日,プリズムナナ,64,218.8,37.5
曜:日,アニマルスロット ドッチ,16,-0.2,37.5
曜:日,スマスロ スーパーリオエース2,59,-0.3,37.3
曜:日,Lタクトオーパス デスティニー,35,-0.3,37.1
曜:日,L虚構推理,46,0.0,37.0
曜:日,L邪神ちゃんドロップキック,19,-0.3,36.8
曜:日,SHAKE BONUS TRIGGER,49,246.1,36.7
曜:日,Lパチスロからくりサーカス2,93,-0.2,36.6
曜:日,スマスロ 攻殻機動隊,63,-0.3,36.5
曜:日,スマスロ ストリートファイター6,11,0.0,36.4
曜:日,Lパチスロ喰霊-零-Re,14,-0.5,35.7
曜:日,スマスロ化物語,79,-0.1,35.4
曜:日,L南国育ち SPECIAL,34,99.2,35.3
曜:日,Lラブ嬢3～Wご指名はいかがですか?～,33,-0.1,33.3
曜:日,ヤバチバ,12,116.0,33.3
曜:日,からくりサーカス2,15,335.0,33.3
曜:日,スマスロモンキーターンV,70,-0.3,32.9
曜:日,真打 吉宗,40,-0.3,32.5
曜:日,Lパチスロガールズ＆パンツァー 最終章,21,-0.3,28.6
曜:日,この素晴らしい世界に祝福を！,21,-0.4,28.6
曜:日,A-SLOT+ この素晴らしい世界に祝福を！,22,-0.5,27.3
曜:日,クレアの秘宝伝～はじまりの扉と太陽の石～ボーナストリガーver.,19,-0.4,26.3
曜:日,Lアクダマドライブ,12,-0.2,25.0
曜:日,スマスロ ミリオンゴッド-神々の軌跡-,78,-0.7,23.1
曜:日,スロット ゾンビランドサガ,14,-0.6,21.4
曜:日,スマスロ ビッグドリーム THE GOLDEN PUSHER,20,-0.8,20.0
曜:日,ローティス,8,-0.8,12.5
曜:日,スマスロヨルムンガンド,8,-0.8,12.5
曜:日,スマスロ とんでもスキルで異世界放浪メシ,9,-0.7,11.1
曜:日,L ULTRAMAN 最終決戦,10,-0.8,10.0
曜:日,ＳＬＯＴまどか前後編,10,-0.8,10.0
曜:日,スマート沖スロ ダークハイビ,14,-0.9,7.1
曜:日,L D4DJ Pachi-Slot Mix,14,-1.0,0.0
曜:月,化物語,9,2453.0,100.0
曜:月,ガールズ&パンツァー 最終章,9,893.3,88.9
曜:月,うみねこのなく頃に2,24,410.5,62.5
曜:月,L邪神ちゃんドロップキック,20,0.0,60.0
曜:月,ミスタージャグラー,24,0.3,58.3
曜:月,ヤバチバ,12,388.2,58.3
曜:月,東京喰種,15,967.0,53.3
曜:月,L南国育ち SPECIAL,34,290.9,52.9
曜:月,SHAKE BONUS TRIGGER,38,54.7,52.6
曜:月,スマスロ ハナビ,30,0.2,50.0
曜:月,A-SLOT+ ディスクアップ ULTRAREMIX,18,0.0,50.0
曜:月,ワールドダイスター,24,1155.3,50.0
曜:月,L青春ブタ野郎はバニーガール先輩の夢を見ない,18,0.0,50.0
曜:月,ToLOVEるダークネス TRANCE ver.8.7,27,472.3,48.1
曜:月,ソードアート・オンラインII,36,1594.0,47.2
曜:月,マギアレコード 魔法少女まどか☆マギカ外伝,60,354.5,46.7
曜:月,ソードアート・オンライン,15,850.7,46.7
曜:月,モンキーターンV,30,297.0,46.7
曜:月,プリズムナナ,43,0.0,46.5
曜:月,アレックス ブライト,38,185.3,44.7
曜:月,スマスロ とんでもスキルで異世界放浪メシ,9,-0.3,44.4
曜:月,スーパーリオエース2,9,430.0,44.4
曜:月,戦国コレクション6,104,194.9,43.3
曜:月,甲鉄城のカバネリ 海門(うなと)決戦,30,551.0,43.3
曜:月,戦国乙女5 業火を穿つ宿焔の双刃,74,467.5,43.2
曜:月,Lパチスロうみねこのなく頃に2,72,-0.2,43.1
曜:月,ストリートファイター6,14,479.5,42.9
曜:月,L戦国乙女5 業火を穿つ宿焔の双刃,220,0.0,42.3
曜:月,Lバンドリ！,72,-0.2,41.7
曜:月,邪神ちゃんドロップキック,12,1438.5,41.7
曜:月,バンドリ！,12,605.0,41.7
曜:月,戦国†恋姫,24,229.5,41.7
曜:月,スロット ソードアート・オンラインⅡ,108,0.0,40.7
曜:月,パチスロ戦国恋姫,72,-0.2,40.3
曜:月,Lパチスロ革命機ヴァルヴレイヴ2,30,0.0,40.0
曜:月,とある魔術の禁書目録2,30,207.0,40.0
曜:月,からくりサーカス2,15,230.0,40.0
曜:月,タクトオーパス デスティニー,10,862.5,40.0
曜:月,A-SLOT+ この素晴らしい世界に祝福を！,18,-0.2,38.9
曜:月,Lパチスロガールズ＆パンツァー 最終章,18,0.0,38.9
曜:月,ネオアイムジャグラーEX,18,-0.3,38.9
曜:月,スロット ワールドダイスター,24,-0.7,37.5
曜:月,A-SLOT+異世界かるてっとBT,35,-0.3,37.1
曜:月,スマスロ サンダーV,35,125.7,37.1
曜:月,ミリオンゴッド‐神々の軌跡‐,36,612.3,36.1
曜:月,Lパチスロからくりサーカス2,84,-0.2,35.7
曜:月,翔べ！ハーレムエース,14,214.4,35.7
曜:月,スマスロ 甲鉄城のカバネリ 海門決戦,171,0.0,35.1
曜:月,Lアズールレーン THE ANIMATION,32,-0.3,34.4
曜:月,L東京喰種,90,-0.2,33.3
曜:月,Lラブ嬢3～Wご指名はいかがですか?～,27,-0.2,33.3
曜:月,スマスロ ゴッドイーター リザレクション,15,-0.3,33.3
曜:月,スマスロ バイオハザードRE:3,21,0.0,33.3
曜:月,スマスロBIRDIE WING-Golf Girls’ Story-,18,-0.2,33.3
曜:月,パチスロ　ツインエンジェルＰＡＲＴＹ,15,0.0,33.3
曜:月,スマスロケロット5BT,12,-0.3,33.3
曜:月,スロット ゾンビランドサガ,12,0.0,33.3
曜:月,スマート沖スロ ニューキングハナハナV,12,-0.3,33.3
曜:月,スマスロ リコリス・リコイル,30,0.0,33.3
曜:月,真打 吉宗,37,465.2,32.4
曜:月,L ToLOVEるダークネス TRANCE ver.8.7,54,-0.3,31.5
曜:月,スマスロ ストリートファイター6,16,-0.1,31.2
曜:月,Lソードアート・オンライン,29,-0.5,31.0
曜:月,スマスロモンキーターンV,60,-0.5,30.0
曜:月,Lひぐらしのなく頃に業,30,-0.2,30.0
曜:月,L ULTRAMAN 最終決戦,10,-0.4,30.0
曜:月,ＳＬＯＴまどか前後編,10,-0.2,30.0
曜:月,少女☆歌劇 レヴュースタァライト ‐The SLOT‐,10,850.0,30.0
曜:月,スマスロ痛いのは嫌なので防御力に極振りしたいと思います。,24,-0.3,29.2
曜:月,この素晴らしい世界に祝福を！,24,121.9,29.2
曜:月,アニマルスロット ドッチ,14,-0.4,28.6
曜:月,スマスロ マギアレコード 魔法少女まどか☆マギカ外伝,180,0.0,27.8
曜:月,スマスロ 攻殻機動隊,54,-0.5,27.8
曜:月,Lマジカルハロウィン8,18,-0.3,27.8
曜:月,ウルトラミラクルジャグラー,18,-0.5,27.8
曜:月,Lパチスロ炎炎ノ消防隊2,41,-0.2,26.8
曜:月,スマスロ とある魔術の禁書目録2,45,0.0,26.7
曜:月,スマスロ化物語,68,0.0,26.5
曜:月,マイジャグラーV,72,-0.3,25.0
曜:月,L D4DJ Pachi-Slot Mix,12,-0.5,25.0
曜:月,L無職転生～異世界行ったら本気だす～,12,-0.5,25.0
曜:月,交響詩篇エウレカセブン HI-EVOLUTION ZERO TYPE-ART,12,-0.3,25.0
曜:月,L戦国乙女４　戦乱に閃く炯眼の軍師,25,-0.4,24.0
曜:月,スマスロとある科学の超電磁砲2,21,-0.1,23.8
曜:月,Lタクトオーパス デスティニー,30,-0.7,23.3
曜:月,Lアクダマドライブ,9,0.0,22.2
曜:月,スマスロ やじきた道中記参る！,19,-0.6,21.1
曜:月,L虚構推理,39,-0.3,20.5
曜:月,スマスロ スーパーリオエース2,53,-0.4,18.9
曜:月,スマスロ ミリオンゴッド-神々の軌跡-,70,-0.8,17.1
曜:月,スマート沖スロ ダークハイビ,12,-0.7,16.7
曜:月,ゴーゴージャグラー３,12,-0.7,16.7
曜:月,スマスロ ビッグドリーム THE GOLDEN PUSHER,15,-0.3,13.3
曜:月,クレアの秘宝伝～はじまりの扉と太陽の石～ボーナストリガーver.,16,-0.6,12.5
曜:月,L少女☆歌劇 レヴュースタァライト -The SLOT-,60,-0.8,10.0
曜:月,回胴式遊技機グランベルム,12,-0.8,8.3
曜:木,Lパチスロうみねこのなく頃に2,72,0.5,66.7
曜:木,モンキーターンV,10,280.0,60.0
曜:木,交響詩篇エウレカセブン HI-EVOLUTION ZERO TYPE-ART,12,0.3,58.3
曜:木,邪神ちゃんドロップキック,12,820.5,58.3
曜:木,クレアの秘宝伝～はじまりの扉と太陽の石～ボーナストリガーver.,16,0.1,56.2
曜:木,A-SLOT+ ディスクアップ ULTRAREMIX,18,0.2,55.6
曜:木,A‐SLOT+ 異世界かるてっと,18,550.7,55.6
曜:木,とある魔術の禁書目録2,15,1401.0,53.3
曜:木,パチスロ戦国恋姫,72,0.0,51.4
曜:木,パチスロ　ツインエンジェルＰＡＲＴＹ,12,0.0,50.0
曜:木,L D4DJ Pachi-Slot Mix,12,0.2,50.0
曜:木,ワールドダイスター,16,965.0,50.0
曜:木,タクトオーパス デスティニー,10,866.0,50.0
曜:木,スマスロ リコリス・リコイル,60,0.0,50.0
曜:木,スマスロ ストリートファイター6,11,0.2,45.5
曜:木,スマスロ ハナビ,40,218.4,45.0
曜:木,SHAKE BONUS TRIGGER,38,70.9,44.7
曜:木,Lバンドリ！,72,0.0,44.4
曜:木,スマスロ とんでもスキルで異世界放浪メシ,9,0.0,44.4
曜:木,化物語,9,460.0,44.4
曜:木,戦国†恋姫,36,298.7,44.4
曜:木,攻殻機動隊,9,1549.0,44.4
曜:木,戦国コレクション6,103,92.3,43.7
曜:木,翔べ！ハーレムエース,14,224.9,42.9
曜:木,東京喰種,45,357.7,42.2
曜:木,L邪神ちゃんドロップキック,19,-0.3,42.1
曜:木,この素晴らしい世界に祝福を！,24,330.2,41.7
曜:木,回胴式遊技機グランベルム,12,-0.2,41.7
曜:木,スロット ゾンビランドサガ,12,0.0,41.7
曜:木,うみねこのなく頃に2,24,412.5,41.7
曜:木,Lソードアート・オンライン,29,-0.1,41.4
曜:木,Lタクトオーパス デスティニー,30,-0.3,40.0
曜:木,甲鉄城のカバネリ 海門(うなと)決戦,90,453.3,40.0
曜:木,L戦国乙女5 業火を穿つ宿焔の双刃,221,0.0,39.4
曜:木,プリズムナナ,64,192.2,39.1
曜:木,真打 吉宗,41,217.9,39.0
曜:木,ネオアイムジャグラーEX,18,-0.2,38.9
曜:木,戦国乙女5 業火を穿つ宿焔の双刃,111,484.7,37.8
曜:木,スマスロ痛いのは嫌なので防御力に極振りしたいと思います。,24,-0.3,37.5
曜:木,スロット ワールドダイスター,24,-0.3,37.5
曜:木,バンドリ！,24,615.5,37.5
曜:木,L東京喰種,90,-0.3,36.7
曜:木,スマスロモンキーターンV,60,-0.2,36.7
曜:木,ミスタージャグラー,28,38.1,35.7
曜:木,スマート沖スロ ニューキングハナハナV,14,75.9,35.7
曜:木,A-SLOT+異世界かるてっとBT,34,-0.4,35.3
曜:木,スマスロ 甲鉄城のカバネリ 海門決戦,162,-0.1,35.2
曜:木,Lパチスロ炎炎ノ消防隊2,40,-0.3,35.0
曜:木,スマスロ サンダーV,30,-0.3,33.3
曜:木,アレックス ブライト,36,170.5,33.3
曜:木,L南国育ち SPECIAL,24,-0.4,33.3
曜:木,A-SLOT+ この素晴らしい世界に祝福を！,18,-0.1,33.3
曜:木,Lマジカルハロウィン8,18,-0.3,33.3
曜:木,ウルトラミラクルジャグラー,21,94.1,33.3
曜:木,スマスロケロット5BT,12,-0.3,33.3
曜:木,マギアレコード 魔法少女まどか☆マギカ外伝,60,246.0,33.3
曜:木,からくりサーカス2,45,293.3,33.3
曜:木,スマスロ マギアレコード 魔法少女まどか☆マギカ外伝,180,0.0,32.2
曜:木,Lパチスロからくりサーカス2,78,-0.3,32.1
曜:木,L ToLOVEるダークネス TRANCE ver.8.7,54,-0.3,31.5
曜:木,マイジャグラーV,84,23.0,31.0
曜:木,L青春ブタ野郎はバニーガール先輩の夢を見ない,36,0.0,30.6
曜:木,Lパチスロ革命機ヴァルヴレイヴ2,30,-0.5,30.0
曜:木,スマスロ やじきた道中記参る！,17,-0.6,29.4
曜:木,スマスロ ミリオンゴッド-神々の軌跡-,65,-0.3,29.2
曜:木,スマスロ とある魔術の禁書目録2,45,-0.3,28.9
曜:木,スロット ソードアート・オンラインⅡ,108,-0.3,28.7
曜:木,スマスロ化物語,64,-0.2,28.1
曜:木,ToLOVEるダークネス TRANCE ver.8.7,18,319.5,27.8
曜:木,スマスロ ゴッドイーター リザレクション,15,-0.3,26.7
曜:木,スマスロ 攻殻機動隊,54,-0.3,25.9
曜:木,L無職転生～異世界行ったら本気だす～,12,-0.3,25.0
曜:木,L ULTRAMAN 最終決戦,8,-0.5,25.0
曜:木,ＳＬＯＴまどか前後編,8,-0.2,25.0
曜:木,スマート沖スロ ダークハイビ,12,-0.5,25.0
曜:木,ヤバチバ,8,-0.5,25.0
曜:木,ゴーゴージャグラー３,12,-0.5,25.0
曜:木,L虚構推理,39,0.0,23.1
曜:木,スマスロとある科学の超電磁砲2,18,-0.2,22.2
曜:木,Lパチスロガールズ＆パンツァー 最終章,18,-0.3,22.2
曜:木,スマスロBIRDIE WING-Golf Girls’ Story-,18,-0.3,22.2
曜:木,スーパーリオエース2,9,153.0,22.2
曜:木,スマスロ ビッグドリーム THE GOLDEN PUSHER,15,-0.3,20.0
曜:木,スマスロ スーパーリオエース2,49,-0.6,18.4
曜:木,L少女☆歌劇 レヴュースタァライト -The SLOT-,60,-0.3,18.3
曜:木,Lひぐらしのなく頃に業,30,-0.5,16.7
曜:木,Lアズールレーン THE ANIMATION,31,-0.5,16.1
曜:木,少女☆歌劇 レヴュースタァライト ‐The SLOT‐,20,288.0,15.0
曜:木,アニマルスロット ドッチ,14,-0.5,14.3
曜:木,スマスロ バイオハザードRE:3,18,-0.4,11.1
曜:木,L戦国乙女４　戦乱に閃く炯眼の軍師,20,-0.5,10.0
曜:木,Lラブ嬢3～Wご指名はいかがですか?～,27,-0.8,7.4
曜:木,Lアクダマドライブ,9,-1.0,0.0
曜:木,Lパチスロ喰霊-零-Re,14,-1.0,0.0
曜:水,スマスロ ストリートファイター6,9,0.8,77.8
曜:水,青春ブタ野郎はバニーガール先輩の夢を見ない,18,2048.0,72.2
曜:水,L青春ブタ野郎はバニーガール先輩の夢を見ない,18,1.0,72.2
曜:水,翔べ！ハーレムエース,14,358.4,64.3
曜:水,痛いのは嫌なので防御力に極振りしたいと思います。,8,812.5,62.5
曜:水,クレアの秘宝伝～はじまりの扉と太陽の石～ボーナストリガーver.,14,0.2,57.1
曜:水,A-SLOT+ ディスクアップ ULTRAREMIX,16,0.1,56.2
曜:水,ワールドダイスター,16,446.0,56.2
曜:水,スマスロ ゴッドイーター リザレクション,15,0.0,53.3
曜:水,パチスロ戦国恋姫,60,0.0,51.7
曜:水,L南国育ち SPECIAL,22,-0.2,50.0
曜:水,パチスロ　ツインエンジェルＰＡＲＴＹ,12,0.2,50.0
曜:水,L ULTRAMAN 最終決戦,8,0.0,50.0
曜:水,回胴式遊技機グランベルム,10,0.0,50.0
曜:水,スロット ワールドダイスター,16,0.0,50.0
曜:水,とある魔術の禁書目録2,60,618.8,50.0
曜:水,少女☆歌劇 レヴュースタァライト ‐The SLOT‐,10,1171.0,50.0
曜:水,戦国†恋姫,36,246.0,50.0
曜:水,スマスロ炎炎ノ消防隊2,19,960.0,47.4
曜:水,バンドリ！,36,1080.0,47.2
曜:水,Lパチスロうみねこのなく頃に2,60,0.0,46.7
曜:水,L邪神ちゃんドロップキック,13,0.0,46.2
曜:水,戦国乙女5 業火を穿つ宿焔の双刃,148,576.8,45.9
曜:水,ミスタージャグラー,24,50.7,45.8
曜:水,SHAKE BONUS TRIGGER,33,57.1,45.5
曜:水,アニマルスロット ドッチ,11,-0.2,45.5
曜:水,L戦国乙女5 業火を穿つ宿焔の双刃,184,0.0,44.6
曜:水,Lアクダマドライブ,9,0.3,44.4
曜:水,ToLOVEるダークネス TRANCE ver.8.7,18,1170.5,44.4
曜:水,Lひぐらしのなく頃に業,25,0.2,44.0
曜:水,からくりサーカス2,39,269.5,43.6
曜:水,モンキーターンV,30,436.0,43.3
曜:水,マギアレコード 魔法少女まどか☆マギカ外伝,60,483.5,43.3
曜:水,リコリス・リコイル,30,185.0,43.3
曜:水,スマスロ リコリス・リコイル,30,0.0,43.3
曜:水,ヤバチバ,14,1776.7,42.9
曜:水,やじきた道中記参る！,14,950.5,42.9
曜:水,ストリートファイター6,14,1198.5,42.9
曜:水,虚構推理,12,680.5,41.7
曜:水,うみねこのなく頃に2,36,384.3,41.7
曜:水,スロット ソードアート・オンラインⅡ,90,0.0,41.1
曜:水,攻殻機動隊,27,493.3,40.7
曜:水,甲鉄城のカバネリ 海門(うなと)決戦,141,365.0,40.4
曜:水,ソードアート・オンラインII,72,585.5,40.3
曜:水,L ToLOVEるダークネス TRANCE ver.8.7,45,0.0,40.0
曜:水,Lパチスロ革命機ヴァルヴレイヴ2,25,-0.2,40.0
曜:水,Lパチスロガールズ＆パンツァー 最終章,15,0.0,40.0
曜:水,ゴーゴージャグラー３,10,0.0,40.0
曜:水,アレックス ブライト,38,197.6,39.5
曜:水,戦国コレクション6,117,115.2,39.3
曜:水,スーパーリオエース2,18,352.0,38.9
曜:水,Lバンドリ！,60,-0.2,38.3
曜:水,スマスロ ハナビ,35,144.6,37.1
曜:水,マイジャグラーV,84,49.3,36.9
曜:水,Lタクトオーパス デスティニー,25,-0.2,36.0
曜:水,L東京喰種,75,-0.2,34.7
曜:水,スマスロ 甲鉄城のカバネリ 海門決戦,141,0.0,33.3
曜:水,Lアズールレーン THE ANIMATION,27,-0.4,33.3
曜:水,スマスロとある科学の超電磁砲2,18,-0.2,33.3
曜:水,スマスロ やじきた道中記参る！,12,-0.6,33.3
曜:水,A-SLOT+ この素晴らしい世界に祝福を！,16,-0.4,31.2
曜:水,スマスロ 攻殻機動隊,45,-0.4,31.1
曜:水,真打 吉宗,29,-0.4,31.0
曜:水,A-SLOT+異世界かるてっとBT,29,-0.4,31.0
曜:水,スマスロ マギアレコード 魔法少女まどか☆マギカ外伝,150,0.0,30.0
曜:水,スマスロ サンダーV,30,50.0,30.0
曜:水,L D4DJ Pachi-Slot Mix,10,-0.4,30.0
曜:水,交響詩篇エウレカセブン HI-EVOLUTION ZERO TYPE-ART,10,-0.4,30.0
曜:水,スマスロケロット5BT,10,-0.4,30.0
曜:水,スマスロ とある魔術の禁書目録2,30,0.0,30.0
曜:水,ウルトラミラクルジャグラー,18,92.8,27.8
曜:水,化物語,18,412.0,27.8
曜:水,Lパチスロからくりサーカス2,69,-0.3,27.5
曜:水,L虚構推理,33,-0.2,27.3
曜:水,スマスロ化物語,59,-0.5,27.1
曜:水,Lマジカルハロウィン8,15,-0.4,26.7
曜:水,この素晴らしい世界に祝福を！,15,-0.4,26.7
曜:水,ネオアイムジャグラーEX,15,-0.2,26.7
曜:水,東京喰種,30,152.5,26.7
曜:水,Lパチスロ炎炎ノ消防隊2,34,-0.2,26.5
曜:水,スマスロモンキーターンV,50,-0.6,26.0
曜:水,プリズムナナ,43,158.5,25.6
曜:水,スマスロ バイオハザードRE:3,18,-0.6,22.2
曜:水,L少女☆歌劇 レヴュースタァライト -The SLOT-,50,0.0,22.0
曜:水,Lソードアート・オンライン,24,-0.2,20.8
曜:水,スマスロ ミリオンゴッド-神々の軌跡-,58,-0.8,20.7
曜:水,スマスロ痛いのは嫌なので防御力に極振りしたいと思います。,20,-0.8,20.0
曜:水,スマート沖スロ ニューキングハナハナV,10,-0.6,20.0
曜:水,戦国乙女4 戦乱に閃く炯眼の軍師,10,218.0,20.0
曜:水,Lラブ嬢3～Wご指名はいかがですか?～,24,-0.6,16.7
曜:水,L戦国乙女４　戦乱に閃く炯眼の軍師,20,-0.2,15.0
曜:水,スマスロ ビッグドリーム THE GOLDEN PUSHER,15,-0.3,13.3
曜:水,スマスロBIRDIE WING-Golf Girls’ Story-,15,-0.6,13.3
曜:水,ＳＬＯＴまどか前後編,8,-0.5,12.5
曜:水,スマスロ スーパーリオエース2,44,-0.3,11.4
曜:水,L無職転生～異世界行ったら本気だす～,10,-0.8,10.0
曜:水,スマート沖スロ ダークハイビ,10,-0.8,10.0
曜:水,スロット ゾンビランドサガ,10,-0.8,10.0
曜:火,ワールドダイスター,8,1829.0,87.5
曜:火,戦国†恋姫,12,575.0,58.3
曜:火,Lパチスロ喰霊-零-Re,14,0.0,57.1
曜:火,A-SLOT+ ディスクアップ ULTRAREMIX,18,0.1,55.6
曜:火,スマスロ ゴッドイーター リザレクション,15,0.0,53.3
曜:火,SHAKE BONUS TRIGGER,33,0.0,51.5
曜:火,スマスロケロット5BT,12,0.2,50.0
曜:火,ToLOVEるダークネス TRANCE ver.8.7,18,677.5,50.0
曜:火,少女☆歌劇 レヴュースタァライト ‐The SLOT‐,10,162.0,50.0
曜:火,喰霊‐零‐Re,14,448.5,50.0
曜:火,ストリートファイター6,14,812.5,50.0
曜:火,Lパチスロ革命機ヴァルヴレイヴ2,30,0.0,46.7
曜:火,甲鉄城のカバネリ 海門(うなと)決戦,30,261.0,46.7
曜:火,とある魔術の禁書目録2,45,320.0,46.7
曜:火,Lラブ嬢3～Wご指名はいかがですか?～,27,-0.2,44.4
曜:火,Lアクダマドライブ,9,0.0,44.4
曜:火,攻殻機動隊,9,648.0,44.4
曜:火,Lタクトオーパス デスティニー,30,0.0,43.3
曜:火,スマスロ とある魔術の禁書目録2,45,0.0,42.2
曜:火,アレックス ブライト,38,79.2,42.1
曜:火,邪神ちゃんドロップキック,19,1776.6,42.1
曜:火,スマスロ炎炎ノ消防隊2,19,504.1,42.1
曜:火,戦国乙女5 業火を穿つ宿焔の双刃,74,245.0,41.9
曜:火,ゴーゴージャグラー３,12,-0.2,41.7
曜:火,スロット ワールドダイスター,24,-0.3,41.7
曜:火,うみねこのなく頃に2,48,301.0,41.7
曜:火,バンドリ！,36,720.3,41.7
曜:火,ソードアート・オンラインII,54,1071.3,40.7
曜:火,A-SLOT+異世界かるてっとBT,35,-0.3,40.0
曜:火,からくりサーカス2,15,162.0,40.0
曜:火,ミスタージャグラー,28,113.1,39.3
曜:火,Lマジカルハロウィン8,18,-0.2,38.9
曜:火,L戦国乙女5 業火を穿つ宿焔の双刃,221,0.0,38.0
曜:火,パチスロ戦国恋姫,72,-0.3,37.5
曜:火,モンキーターンV,40,282.8,37.5
曜:火,L邪神ちゃんドロップキック,19,-0.3,36.8
曜:火,戦国コレクション6,88,-0.2,36.4
曜:火,アニマルスロット ドッチ,14,-0.2,35.7
曜:火,スマスロ化物語,68,-0.1,35.3
曜:火,Lパチスロ炎炎ノ消防隊2,40,-0.5,35.0
曜:火,スマスロ 甲鉄城のカバネリ 海門決戦,171,0.0,34.5
曜:火,L東京喰種,90,-0.2,34.4
曜:火,Lパチスロうみねこのなく頃に2,72,-0.3,33.3
曜:火,Lバンドリ！,72,-0.3,33.3
曜:火,マイジャグラーV,84,14.9,33.3
曜:火,この素晴らしい世界に祝福を！,18,-0.3,33.3
曜:火,パチスロ　ツインエンジェルＰＡＲＴＹ,15,-0.4,33.3
曜:火,ウルトラミラクルジャグラー,18,-0.5,33.3
曜:火,ネオアイムジャグラーEX,18,-0.2,33.3
曜:火,L無職転生～異世界行ったら本気だす～,12,-0.3,33.3
曜:火,翔べ！ハーレムエース,12,-0.3,33.3
曜:火,ヤバチバ,12,204.5,33.3
曜:火,スマスロ とんでもスキルで異世界放浪メシ,9,0.0,33.3
曜:火,アズールレーン THE ANIMATION,9,381.9,33.3
曜:火,L青春ブタ野郎はバニーガール先輩の夢を見ない,18,0.0,33.3
曜:火,スロット ソードアート・オンラインⅡ,108,-0.2,32.4
曜:火,スマスロ 攻殻機動隊,54,-0.3,31.5
曜:火,東京喰種,45,344.7,31.1
曜:火,スマスロモンキーターンV,60,-0.2,30.0
曜:火,Lひぐらしのなく頃に業,30,-0.2,30.0
曜:火,スマスロ リコリス・リコイル,30,0.0,30.0
曜:火,プリズムナナ,57,133.4,29.8
曜:火,L ToLOVEるダークネス TRANCE ver.8.7,54,-0.3,29.6
曜:火,スマスロ痛いのは嫌なので防御力に極振りしたいと思います。,24,-0.3,29.2
曜:火,Lパチスロからくりサーカス2,84,-0.2,28.6
曜:火,化物語,14,342.4,28.6
曜:火,A-SLOT+ この素晴らしい世界に祝福を！,18,-0.6,27.8
曜:火,Lパチスロガールズ＆パンツァー 最終章,18,0.0,27.8
曜:火,真打 吉宗,45,213.4,26.7
曜:火,スマスロ やじきた道中記参る！,19,-0.3,26.3
曜:火,スマスロ マギアレコード 魔法少女まどか☆マギカ外伝,180,0.0,26.1
曜:火,L南国育ち SPECIAL,27,-0.4,25.9
曜:火,L虚構推理,39,-0.5,25.6
曜:火,スマスロ ハナビ,40,84.6,25.0
曜:火,クレアの秘宝伝～はじまりの扉と太陽の石～ボーナストリガーver.,16,-0.2,25.0
曜:火,回胴式遊技機グランベルム,12,-0.3,25.0
曜:火,交響詩篇エウレカセブン HI-EVOLUTION ZERO TYPE-ART,12,-0.5,25.0
曜:火,スマート沖スロ ダークハイビ,12,-0.5,25.0
曜:火,スロット ゾンビランドサガ,12,-0.5,25.0
曜:火,スマート沖スロ ニューキングハナハナV,12,-0.5,25.0
曜:火,マギアレコード 魔法少女まどか☆マギカ外伝,90,229.7,24.4
曜:火,スマスロ ミリオンゴッド-神々の軌跡-,70,-0.6,24.3
曜:火,スマスロBIRDIE WING-Golf Girls’ Story-,18,-0.5,22.2
曜:火,スマスロ サンダーV,30,-0.7,20.0
曜:火,L ULTRAMAN 最終決戦,10,-0.6,20.0
曜:火,Lソードアート・オンライン,29,-0.3,17.2
曜:火,L D4DJ Pachi-Slot Mix,12,-0.3,16.7
曜:火,Lアズールレーン THE ANIMATION,32,-0.7,15.6
曜:火,L少女☆歌劇 レヴュースタァライト -The SLOT-,60,-0.3,15.0
曜:火,スマスロ ストリートファイター6,16,-1.0,12.5
曜:火,スマスロとある科学の超電磁砲2,18,-0.4,11.1
曜:火,スマスロ バイオハザードRE:3,18,-0.6,11.1
曜:火,ＳＬＯＴまどか前後編,10,-0.6,10.0
曜:火,スマスロ スーパーリオエース2,53,-0.2,9.4
曜:火,L戦国乙女４　戦乱に閃く炯眼の軍師,25,-0.2,8.0
曜:火,スマスロ ビッグドリーム THE GOLDEN PUSHER,15,-0.3,6.7
曜:金,ゴーゴージャグラー３,12,0.3,66.7
曜:金,スマスロ ストリートファイター6,11,0.0,63.6
曜:金,スマスロ サンダーV,40,118.1,60.0
曜:金,タクトオーパス デスティニー,10,1289.5,60.0
曜:金,スマスロ やじきた道中記参る！,17,0.3,58.8
曜:金,スマスロケロット5BT,12,0.2,58.3
曜:金,東京喰種,45,536.7,57.8
曜:金,モンキーターンV,20,1188.0,55.0
曜:金,うみねこのなく頃に2,36,387.0,52.8
曜:金,邪神ちゃんドロップキック,19,435.5,52.6
曜:金,ＳＬＯＴまどか前後編,8,0.2,50.0
曜:金,スロット ゾンビランドサガ,12,0.0,50.0
曜:金,翔べ！ハーレムエース,12,0.0,50.0
曜:金,ヤバチバ,10,472.0,50.0
曜:金,戦国†恋姫,24,204.5,50.0
曜:金,とある魔術の禁書目録2,45,527.7,48.9
曜:金,真打 吉宗,37,133.3,48.6
曜:金,Lパチスロ革命機ヴァルヴレイヴ2,30,-0.2,46.7
曜:金,マギアレコード 魔法少女まどか☆マギカ外伝,90,396.7,46.7
曜:金,戦国乙女5 業火を穿つ宿焔の双刃,74,726.0,45.9
曜:金,スマスロ痛いのは嫌なので防御力に極振りしたいと思います。,24,-0.2,45.8
曜:金,Lパチスロうみねこのなく頃に2,72,0.2,44.4
曜:金,パチスロ戦国恋姫,72,-0.2,44.4
曜:金,Lアクダマドライブ,9,0.0,44.4
曜:金,Lマジカルハロウィン8,18,-0.2,44.4
曜:金,攻殻機動隊,9,2253.0,44.4
曜:金,ソードアート・オンラインII,18,234.0,44.4
曜:金,クレアの秘宝伝～はじまりの扉と太陽の石～ボーナストリガーver.,16,-0.1,43.8
曜:金,Lひぐらしのなく頃に業,30,0.0,43.3
曜:金,スマスロ リコリス・リコイル,60,0.0,43.3
曜:金,やじきた道中記参る！,14,488.5,42.9
曜:金,L D4DJ Pachi-Slot Mix,12,-0.2,41.7
曜:金,交響詩篇エウレカセブン HI-EVOLUTION ZERO TYPE-ART,12,-0.2,41.7
曜:金,虚構推理,12,525.0,41.7
曜:金,A-SLOT+異世界かるてっとBT,34,0.0,41.2
曜:金,スマスロ ゴッドイーター リザレクション,15,0.0,40.0
曜:金,革命機ヴァルヴレイヴ2,10,245.5,40.0
曜:金,Lパチスロからくりサーカス2,78,0.0,39.7
曜:金,SHAKE BONUS TRIGGER,43,85.3,39.5
曜:金,L戦国乙女5 業火を穿つ宿焔の双刃,221,0.0,39.4
曜:金,Lバンドリ！,72,-0.3,38.9
曜:金,スマスロ 攻殻機動隊,54,-0.2,38.9
曜:金,アレックス ブライト,36,167.7,38.9
曜:金,A-SLOT+ ディスクアップ ULTRAREMIX,18,-0.2,38.9
曜:金,ネオアイムジャグラーEX,18,-0.2,38.9
曜:金,プリズムナナ,57,65.4,38.6
曜:金,スマスロ 甲鉄城のカバネリ 海門決戦,162,0.0,38.3
曜:金,L邪神ちゃんドロップキック,19,-0.3,36.8
曜:金,アニマルスロット ドッチ,14,-0.3,35.7
曜:金,戦国コレクション6,146,144.8,35.6
曜:金,スマスロ とある魔術の禁書目録2,45,0.0,35.6
曜:金,Lパチスロ炎炎ノ消防隊2,40,-0.1,35.0
曜:金,スロット ソードアート・オンラインⅡ,108,-0.2,34.3
曜:金,スマスロとある科学の超電磁砲2,18,-0.3,33.3
曜:金,スマスロ ハナビ,30,-0.2,33.3
曜:金,A-SLOT+ この素晴らしい世界に祝福を！,18,-0.1,33.3
曜:金,Lパチスロガールズ＆パンツァー 最終章,18,-0.2,33.3
曜:金,この素晴らしい世界に祝福を！,21,55.3,33.3
曜:金,ウルトラミラクルジャグラー,24,137.8,33.3
曜:金,L青春ブタ野郎はバニーガール先輩の夢を見ない,36,0.0,33.3
曜:金,ミスタージャグラー,28,53.1,32.1
曜:金,スマスロモンキーターンV,60,-0.3,31.7
曜:金,からくりサーカス2,60,738.0,31.7
曜:金,L ToLOVEるダークネス TRANCE ver.8.7,54,-0.2,31.5
曜:金,マイジャグラーV,84,20.1,29.8
曜:金,Lラブ嬢3～Wご指名はいかがですか?～,27,-0.3,29.6
曜:金,ミリオンゴッド‐神々の軌跡‐,24,781.0,29.2
曜:金,スマート沖スロ ニューキングハナハナV,14,110.7,28.6
曜:金,L東京喰種,90,-0.3,27.8
曜:金,スマスロBIRDIE WING-Golf Girls’ Story-,18,-0.2,27.8
曜:金,L少女☆歌劇 レヴュースタァライト -The SLOT-,60,-0.7,26.7
曜:金,スマスロ スーパーリオエース2,49,0.0,26.5
曜:金,スマスロ マギアレコード 魔法少女まどか☆マギカ外伝,180,-0.5,26.1
曜:金,化物語,27,299.3,25.9
曜:金,L南国育ち SPECIAL,24,-0.4,25.0
曜:金,パチスロ　ツインエンジェルＰＡＲＴＹ,12,-0.2,25.0
曜:金,L無職転生～異世界行ったら本気だす～,12,-0.5,25.0
曜:金,スマート沖スロ ダークハイビ,12,-0.5,25.0
曜:金,Lソードアート・オンライン,29,-0.3,24.1
曜:金,Lタクトオーパス デスティニー,30,-0.5,23.3
曜:金,Lアズールレーン THE ANIMATION,31,-0.4,22.6
曜:金,スマスロ バイオハザードRE:3,18,0.0,22.2
曜:金,スマスロ とんでもスキルで異世界放浪メシ,9,-0.3,22.2
曜:金,ToLOVEるダークネス TRANCE ver.8.7,9,609.0,22.2
曜:金,Lパチスロ喰霊-零-Re,14,-0.5,21.4
曜:金,スロット ワールドダイスター,24,-0.7,20.8
曜:金,スマスロ ミリオンゴッド-神々の軌跡-,65,-0.8,18.5
曜:金,L虚構推理,39,-0.5,17.9
曜:金,回胴式遊技機グランベルム,12,-0.3,16.7
曜:金,スマスロ ビッグドリーム THE GOLDEN PUSHER,15,-0.3,13.3
曜:金,L ULTRAMAN 最終決戦,8,-0.5,12.5
曜:金,L戦国乙女４　戦乱に閃く炯眼の軍師,20,-1.0,10.0
曜:金,スマスロ化物語,64,-0.9,9.4
末尾:0,L邪神ちゃんドロップキック,19,0.0,63.2
末尾:0,ヤバチバ,8,174.8,62.5
末尾:0,スロット ワールドダイスター,24,0.3,62.5
末尾:0,ネオアイムジャグラーEX,18,39.8,61.1
末尾:0,ミリオンゴッド‐神々の軌跡‐,12,1035.0,58.3
末尾:0,うみねこのなく頃に2,24,185.0,54.2
末尾:0,とある魔術の禁書目録2,15,1401.0,53.3
末尾:0,スマスロ ハナビ,25,0.2,52.0
末尾:0,パチスロ戦国恋姫,60,0.0,51.7
末尾:0,戦国乙女5 業火を穿つ宿焔の双刃,74,596.0,51.4
末尾:0,ミスタージャグラー,20,0.0,50.0
末尾:0,交響詩篇エウレカセブン HI-EVOLUTION ZERO TYPE-ART,10,0.2,50.0
末尾:0,痛いのは嫌なので防御力に極振りしたいと思います。,8,1086.0,50.0
末尾:0,少女☆歌劇 レヴュースタァライト ‐The SLOT‐,20,938.5,50.0
末尾:0,スマスロ リコリス・リコイル,60,0.0,50.0
末尾:0,L戦国乙女5 業火を穿つ宿焔の双刃,184,0.0,47.3
末尾:0,L青春ブタ野郎はバニーガール先輩の夢を見ない,36,0.0,47.2
末尾:0,L南国育ち SPECIAL,24,140.8,45.8
末尾:0,Lパチスロうみねこのなく頃に2,60,0.0,45.0
末尾:0,邪神ちゃんドロップキック,12,805.5,41.7
末尾:0,スロット ソードアート・オンラインⅡ,90,0.0,41.1
末尾:0,スマスロ化物語,49,-0.2,40.8
末尾:0,SHAKE BONUS TRIGGER,27,-0.2,40.7
末尾:0,Lバンドリ！,60,0.0,40.0
末尾:0,スマスロモンキーターンV,50,-0.2,40.0
末尾:0,真打 吉宗,30,211.3,40.0
末尾:0,Lマジカルハロウィン8,15,0.0,40.0
末尾:0,スマスロBIRDIE WING-Golf Girls’ Story-,15,0.0,40.0
末尾:0,スロット ゾンビランドサガ,10,-0.2,40.0
末尾:0,翔べ！ハーレムエース,10,-0.2,40.0
末尾:0,スマート沖スロ ニューキングハナハナV,10,0.0,40.0
末尾:0,スマスロ とある魔術の禁書目録2,45,0.0,40.0
末尾:0,モンキーターンV,10,247.0,40.0
末尾:0,スマスロ 甲鉄城のカバネリ 海門決戦,132,-0.2,39.4
末尾:0,A-SLOT+異世界かるてっとBT,28,-0.2,39.3
末尾:0,この素晴らしい世界に祝福を！,18,291.5,38.9
末尾:0,スマスロ バイオハザードRE:3,13,0.0,38.5
末尾:0,戦国コレクション6,88,108.1,37.5
末尾:0,L東京喰種,75,-0.2,37.3
末尾:0,プリズムナナ,43,111.7,37.2
末尾:0,Lパチスロからくりサーカス2,63,-0.4,36.5
末尾:0,スマスロ ストリートファイター6,11,0.2,36.4
末尾:0,スマスロ サンダーV,25,-0.4,36.0
末尾:0,A-SLOT+ ディスクアップ ULTRAREMIX,14,-0.3,35.7
末尾:0,スマスロ マギアレコード 魔法少女まどか☆マギカ外伝,150,0.0,35.3
末尾:0,アレックス ブライト,26,118.1,34.6
末尾:0,スマスロ 攻殻機動隊,45,0.0,33.3
末尾:0,L ToLOVEるダークネス TRANCE ver.8.7,45,-0.2,33.3
末尾:0,Lパチスロガールズ＆パンツァー 最終章,15,-0.2,33.3
末尾:0,パチスロ　ツインエンジェルＰＡＲＴＹ,9,0.0,33.3
末尾:0,ウルトラミラクルジャグラー,21,152.7,33.3
末尾:0,スマスロ とんでもスキルで異世界放浪メシ,9,-0.3,33.3
末尾:0,甲鉄城のカバネリ 海門(うなと)決戦,30,838.0,33.3
末尾:0,戦国†恋姫,12,326.0,33.3
末尾:0,Lパチスロ革命機ヴァルヴレイヴ2,25,-0.2,32.0
末尾:0,スマスロ ゴッドイーター リザレクション,10,-0.5,30.0
末尾:0,L D4DJ Pachi-Slot Mix,10,-0.2,30.0
末尾:0,スマスロケロット5BT,10,-0.4,30.0
末尾:0,ゴーゴージャグラー３,10,-0.4,30.0
末尾:0,Lソードアート・オンライン,24,-0.4,29.2
末尾:0,A-SLOT+ この素晴らしい世界に祝福を！,14,-0.1,28.6
末尾:0,Lパチスロ喰霊-零-Re,14,-0.5,28.6
末尾:0,Lタクトオーパス デスティニー,25,-0.6,28.0
末尾:0,Lパチスロ炎炎ノ消防隊2,33,-0.4,27.3
末尾:0,L戦国乙女４　戦乱に閃く炯眼の軍師,15,0.0,26.7
末尾:0,マイジャグラーV,60,-0.6,25.0
末尾:0,L虚構推理,32,0.0,25.0
末尾:0,クレアの秘宝伝～はじまりの扉と太陽の石～ボーナストリガーver.,12,-0.3,25.0
末尾:0,バンドリ！,12,780.0,25.0
末尾:0,Lアズールレーン THE ANIMATION,25,-0.6,24.0
末尾:0,Lひぐらしのなく頃に業,25,-0.6,24.0
末尾:0,スマスロ スーパーリオエース2,39,-0.5,23.1
末尾:0,スマスロとある科学の超電磁砲2,13,-0.2,23.1
末尾:0,ToLOVEるダークネス TRANCE ver.8.7,9,228.0,22.2
末尾:0,スマスロ痛いのは嫌なので防御力に極振りしたいと思います。,20,-0.6,20.0
末尾:0,Lラブ嬢3～Wご指名はいかがですか?～,21,-0.6,19.0
末尾:0,スマスロ やじきた道中記参る！,17,-0.7,17.6
末尾:0,L少女☆歌劇 レヴュースタァライト -The SLOT-,50,-0.8,16.0
末尾:0,スマスロ ミリオンゴッド-神々の軌跡-,52,-0.9,15.4
末尾:0,スマスロ ビッグドリーム THE GOLDEN PUSHER,10,-1.0,10.0
末尾:0,L無職転生～異世界行ったら本気だす～,10,-0.6,10.0
末尾:0,回胴式遊技機グランベルム,10,-0.8,10.0
末尾:0,スマート沖スロ ダークハイビ,10,-0.8,10.0
末尾:0,アニマルスロット ドッチ,13,-0.8,7.7
末尾:1,化物語,9,2453.0,100.0
末尾:1,タクトオーパス デスティニー,10,1599.5,70.0
末尾:1,アレックス ブライト,38,239.8,55.3
末尾:1,うみねこのなく頃に2,24,491.0,54.2
末尾:1,SHAKE BONUS TRIGGER,28,0.0,53.6
末尾:1,L無職転生～異世界行ったら本気だす～,10,0.0,50.0
末尾:1,翔べ！ハーレムエース,10,0.0,50.0
末尾:1,ToLOVEるダークネス TRANCE ver.8.7,18,815.0,50.0
末尾:1,少女☆歌劇 レヴュースタァライト ‐The SLOT‐,10,162.0,50.0
末尾:1,東京喰種,30,639.5,50.0
末尾:1,パチスロ戦国恋姫,60,0.0,48.3
末尾:1,スマスロ リコリス・リコイル,30,0.0,46.7
末尾:1,邪神ちゃんドロップキック,13,1301.5,46.2
末尾:1,戦国乙女5 業火を穿つ宿焔の双刃,37,659.0,45.9
末尾:1,戦国†恋姫,24,267.5,45.8
末尾:1,攻殻機動隊,9,2253.0,44.4
末尾:1,スーパーリオエース2,9,430.0,44.4
末尾:1,L戦国乙女5 業火を穿つ宿焔の双刃,185,0.0,44.3
末尾:1,A-SLOT+ この素晴らしい世界に祝福を！,16,0.0,43.8
末尾:1,スロット ワールドダイスター,16,0.0,43.8
末尾:1,とある魔術の禁書目録2,30,194.5,43.3
末尾:1,甲鉄城のカバネリ 海門(うなと)決戦,30,551.0,43.3
末尾:1,スマスロ 攻殻機動隊,45,0.0,42.2
末尾:1,マギアレコード 魔法少女まどか☆マギカ外伝,60,312.5,41.7
末尾:1,L邪神ちゃんドロップキック,12,0.0,41.7
末尾:1,L南国育ち SPECIAL,22,0.0,40.9
末尾:1,Lパチスロ革命機ヴァルヴレイヴ2,25,-0.2,40.0
末尾:1,Lタクトオーパス デスティニー,25,-0.2,40.0
末尾:1,スマスロ痛いのは嫌なので防御力に極振りしたいと思います。,20,-0.2,40.0
末尾:1,ネオアイムジャグラーEX,15,0.0,40.0
末尾:1,交響詩篇エウレカセブン HI-EVOLUTION ZERO TYPE-ART,10,-0.2,40.0
末尾:1,スマスロケロット5BT,10,-0.2,40.0
末尾:1,Lパチスロ炎炎ノ消防隊2,33,-0.4,39.4
末尾:1,真打 吉宗,33,109.1,39.4
末尾:1,マイジャグラーV,72,17.5,38.9
末尾:1,Lパチスロうみねこのなく頃に2,60,0.0,38.3
末尾:1,Lパチスロからくりサーカス2,69,0.0,37.7
末尾:1,ＳＬＯＴまどか前後編,8,-0.2,37.5
末尾:1,ミリオンゴッド‐神々の軌跡‐,24,873.5,37.5
末尾:1,ワールドダイスター,8,1766.0,37.5
末尾:1,スマスロ 甲鉄城のカバネリ 海門決戦,141,0.0,36.9
末尾:1,スロット ソードアート・オンラインⅡ,90,-0.2,36.7
末尾:1,Lバンドリ！,60,-0.4,36.7
末尾:1,スマスロ とある魔術の禁書目録2,30,0.0,36.7
末尾:1,Lひぐらしのなく頃に業,25,-0.2,36.0
末尾:1,Lパチスロ喰霊-零-Re,14,-0.5,35.7
末尾:1,戦国コレクション6,88,75.7,35.2
末尾:1,プリズムナナ,44,45.5,34.1
末尾:1,L ToLOVEるダークネス TRANCE ver.8.7,45,0.0,33.3
末尾:1,スマスロ ゴッドイーター リザレクション,15,-0.3,33.3
末尾:1,スマスロとある科学の超電磁砲2,15,-0.3,33.3
末尾:1,Lアクダマドライブ,9,-0.3,33.3
末尾:1,Lマジカルハロウィン8,15,-0.4,33.3
末尾:1,ヤバチバ,12,597.8,33.3
末尾:1,アニマルスロット ドッチ,12,-0.3,33.3
末尾:1,L青春ブタ野郎はバニーガール先輩の夢を見ない,18,0.0,33.3
末尾:1,L少女☆歌劇 レヴュースタァライト -The SLOT-,50,-0.2,32.0
末尾:1,A-SLOT+ ディスクアップ ULTRAREMIX,16,-0.4,31.2
末尾:1,A-SLOT+異世界かるてっとBT,29,-0.2,31.0
末尾:1,L東京喰種,75,-0.2,30.7
末尾:1,Lソードアート・オンライン,23,-0.2,30.4
末尾:1,スマスロ サンダーV,30,146.3,30.0
末尾:1,L D4DJ Pachi-Slot Mix,10,-0.2,30.0
末尾:1,スロット ゾンビランドサガ,10,-0.4,30.0
末尾:1,ゴーゴージャグラー３,10,-0.4,30.0
末尾:1,回胴式遊技機グランベルム,10,0.0,30.0
末尾:1,モンキーターンV,10,190.0,30.0
末尾:1,スマスロ ミリオンゴッド-神々の軌跡-,58,-0.6,27.6
末尾:1,スマスロ化物語,59,-0.3,27.1
末尾:1,スマスロ バイオハザードRE:3,15,-0.7,26.7
末尾:1,スマスロBIRDIE WING-Golf Girls’ Story-,15,-0.2,26.7
末尾:1,この素晴らしい世界に祝福を！,15,-0.4,26.7
末尾:1,からくりサーカス2,15,283.0,26.7
末尾:1,Lラブ嬢3～Wご指名はいかがですか?～,24,-0.6,25.0
末尾:1,ミスタージャグラー,20,-0.6,25.0
末尾:1,L ULTRAMAN 最終決戦,8,-0.5,25.0
末尾:1,スマスロ やじきた道中記参る！,12,0.0,25.0
末尾:1,スマスロ マギアレコード 魔法少女まどか☆マギカ外伝,150,-0.2,24.7
末尾:1,スマスロモンキーターンV,50,-0.2,24.0
末尾:1,クレアの秘宝伝～はじまりの扉と太陽の石～ボーナストリガーver.,13,-0.5,23.1
末尾:1,スマスロ スーパーリオエース2,44,-0.2,22.7
末尾:1,Lアズールレーン THE ANIMATION,27,-0.4,22.2
末尾:1,スマスロ ストリートファイター6,9,-0.8,22.2
末尾:1,スマスロ ビッグドリーム THE GOLDEN PUSHER,15,-0.3,20.0
末尾:1,L戦国乙女４　戦乱に閃く炯眼の軍師,20,-0.5,20.0
末尾:1,スマスロ ハナビ,30,47.7,20.0
末尾:1,Lパチスロガールズ＆パンツァー 最終章,15,-0.4,20.0
末尾:1,L虚構推理,33,-0.4,18.2
末尾:1,ウルトラミラクルジャグラー,15,-0.6,13.3
末尾:1,スマート沖スロ ダークハイビ,10,-0.8,10.0
末尾:1,スマート沖スロ ニューキングハナハナV,10,-0.8,10.0
末尾:1,パチスロ　ツインエンジェルＰＡＲＴＹ,12,-0.8,8.3
末尾:2,パチスロ　ツインエンジェルＰＡＲＴＹ,9,0.3,77.8
末尾:2,回胴式遊技機グランベルム,8,0.2,62.5
末尾:2,交響詩篇エウレカセブン HI-EVOLUTION ZERO TYPE-ART,8,0.2,62.5
末尾:2,ヤバチバ,8,1284.0,62.5
末尾:2,スマート沖スロ ニューキングハナハナV,8,0.2,62.5
末尾:2,痛いのは嫌なので防御力に極振りしたいと思います。,8,812.5,62.5
末尾:2,L青春ブタ野郎はバニーガール先輩の夢を見ない,18,0.0,61.1
末尾:2,モンキーターンV,10,769.0,60.0
末尾:2,攻殻機動隊,18,624.5,55.6
末尾:2,Lパチスロうみねこのなく頃に2,48,0.0,54.2
末尾:2,スマスロ ゴッドイーター リザレクション,15,0.0,53.3
末尾:2,マギアレコード 魔法少女まどか☆マギカ外伝,60,748.5,53.3
末尾:2,ソードアート・オンラインII,54,1156.3,51.9
末尾:2,戦国コレクション6,88,132.0,50.0
末尾:2,パチスロ戦国恋姫,48,0.0,50.0
末尾:2,A-SLOT+ ディスクアップ ULTRAREMIX,14,0.0,50.0
末尾:2,やじきた道中記参る！,14,1736.5,50.0
末尾:2,虚構推理,18,864.7,50.0
末尾:2,スロット ワールドダイスター,8,0.0,50.0
末尾:2,L戦国乙女5 業火を穿つ宿焔の双刃,147,0.0,49.0
末尾:2,とある魔術の禁書目録2,45,872.3,48.9
末尾:2,A-SLOT+異世界かるてっとBT,23,-0.3,47.8
末尾:2,Lソードアート・オンライン,19,-0.1,47.4
末尾:2,L南国育ち SPECIAL,17,-0.1,47.1
末尾:2,ウルトラミラクルジャグラー,15,111.8,46.7
末尾:2,戦国乙女5 業火を穿つ宿焔の双刃,74,506.0,45.9
末尾:2,クレアの秘宝伝～はじまりの扉と太陽の石～ボーナストリガーver.,11,0.0,45.5
末尾:2,スマスロ サンダーV,20,0.0,45.0
末尾:2,ToLOVEるダークネス TRANCE ver.8.7,9,174.0,44.4
末尾:2,スマスロ リコリス・リコイル,30,0.0,43.3
末尾:2,ストリートファイター6,14,1198.5,42.9
末尾:2,プリズムナナ,43,511.5,41.9
末尾:2,L東京喰種,60,0.0,41.7
末尾:2,Lマジカルハロウィン8,12,0.0,41.7
末尾:2,戦国†恋姫,12,213.0,41.7
末尾:2,甲鉄城のカバネリ 海門(うなと)決戦,90,252.3,41.1
末尾:2,Lタクトオーパス デスティニー,20,-0.2,40.0
末尾:2,スマスロ ビッグドリーム THE GOLDEN PUSHER,15,-0.3,40.0
末尾:2,スマスロ バイオハザードRE:3,15,-0.3,40.0
末尾:2,L戦国乙女４　戦乱に閃く炯眼の軍師,15,0.0,40.0
末尾:2,スマスロ ハナビ,25,130.2,40.0
末尾:2,スマスロ 甲鉄城のカバネリ 海門決戦,111,0.0,39.6
末尾:2,Lバンドリ！,48,-0.2,39.6
末尾:2,SHAKE BONUS TRIGGER,33,244.8,39.4
末尾:2,L ToLOVEるダークネス TRANCE ver.8.7,36,-0.2,38.9
末尾:2,バンドリ！,24,1091.0,37.5
末尾:2,Lパチスロからくりサーカス2,54,-0.2,37.0
末尾:2,からくりサーカス2,30,1111.5,36.7
末尾:2,Lパチスロ革命機ヴァルヴレイヴ2,20,-0.5,35.0
末尾:2,Lラブ嬢3～Wご指名はいかがですか?～,21,-0.3,33.3
末尾:2,スマスロとある科学の超電磁砲2,15,-0.3,33.3
末尾:2,Lアクダマドライブ,9,0.0,33.3
末尾:2,この素晴らしい世界に祝福を！,12,-0.2,33.3
末尾:2,ネオアイムジャグラーEX,12,-0.2,33.3
末尾:2,うみねこのなく頃に2,12,167.0,33.3
末尾:2,スマスロ とある魔術の禁書目録2,15,0.0,33.3
末尾:2,スマスロ マギアレコード 魔法少女まどか☆マギカ外伝,120,0.0,31.7
末尾:2,スロット ソードアート・オンラインⅡ,72,0.0,30.6
末尾:2,アレックス ブライト,23,102.6,30.4
末尾:2,Lひぐらしのなく頃に業,20,-0.2,30.0
末尾:2,Lパチスロ炎炎ノ消防隊2,27,0.0,29.6
末尾:2,A-SLOT+ この素晴らしい世界に祝福を！,14,-0.4,28.6
末尾:2,マイジャグラーV,60,41.2,28.3
末尾:2,スマスロ 攻殻機動隊,36,-0.8,27.8
末尾:2,スマスロモンキーターンV,40,-0.5,27.5
末尾:2,Lアズールレーン THE ANIMATION,22,-0.5,27.3
末尾:2,東京喰種,15,142.0,26.7
末尾:2,L虚構推理,27,-0.2,25.9
末尾:2,Lパチスロガールズ＆パンツァー 最終章,12,-0.2,25.0
末尾:2,L無職転生～異世界行ったら本気だす～,8,-0.5,25.0
末尾:2,スマスロケロット5BT,8,-0.5,25.0
末尾:2,ゴーゴージャグラー３,8,-0.5,25.0
末尾:2,スマスロ化物語,50,-0.4,24.0
末尾:2,真打 吉宗,25,-0.4,24.0
末尾:2,スマスロ スーパーリオエース2,35,-0.4,22.9
末尾:2,L少女☆歌劇 レヴュースタァライト -The SLOT-,40,-0.2,22.5
末尾:2,アニマルスロット ドッチ,9,-0.4,22.2
末尾:2,化物語,9,584.0,22.2
末尾:2,スーパーリオエース2,9,256.0,22.2
末尾:2,スマスロ ミリオンゴッド-神々の軌跡-,46,-0.8,21.7
末尾:2,スマスロ痛いのは嫌なので防御力に極振りしたいと思います。,16,-1.0,18.8
末尾:2,ミスタージャグラー,16,-0.8,18.8
末尾:2,スマスロBIRDIE WING-Golf Girls’ Story-,12,-0.5,16.7
末尾:2,L D4DJ Pachi-Slot Mix,8,-0.8,12.5
末尾:2,スマート沖スロ ダークハイビ,8,-0.8,12.5
末尾:2,スロット ゾンビランドサガ,8,-0.8,12.5
末尾:2,翔べ！ハーレムエース,8,-0.8,12.5
末尾:3,アニマルスロット ドッチ,9,0.6,77.8
末尾:3,A-SLOT+ ディスクアップ ULTRAREMIX,12,0.5,66.7
末尾:3,ワールドダイスター,24,2606.0,66.7
末尾:3,ミリオンゴッド‐神々の軌跡‐,12,546.0,66.7
末尾:3,モンキーターンV,10,280.0,60.0
末尾:3,ミスタージャグラー,20,54.2,55.0
末尾:3,戦国†恋姫,24,536.0,54.2
末尾:3,スマスロ とある魔術の禁書目録2,30,0.5,53.3
末尾:3,甲鉄城のカバネリ 海門(うなと)決戦,30,316.0,53.3
末尾:3,SHAKE BONUS TRIGGER,32,192.7,53.1
末尾:3,戦国コレクション6,74,137.4,51.4
末尾:3,スマスロ痛いのは嫌なので防御力に極振りしたいと思います。,16,0.2,50.0
末尾:3,Lパチスロガールズ＆パンツァー 最終章,12,0.5,50.0
末尾:3,回胴式遊技機グランベルム,8,0.0,50.0
末尾:3,スマート沖スロ ダークハイビ,8,0.0,50.0
末尾:3,タクトオーパス デスティニー,10,866.0,50.0
末尾:3,バンドリ！,12,451.0,50.0
末尾:3,ソードアート・オンラインII,18,673.0,50.0
末尾:3,スマスロ ハナビ,25,162.4,48.0
末尾:3,東京喰種,30,415.0,46.7
末尾:3,とある魔術の禁書目録2,15,2090.0,46.7
末尾:3,L邪神ちゃんドロップキック,13,-0.5,46.2
末尾:3,Lパチスロうみねこのなく頃に2,48,0.0,45.8
末尾:3,パチスロ戦国恋姫,48,-0.2,45.8
末尾:3,プリズムナナ,49,298.4,44.9
末尾:3,Lパチスロ炎炎ノ消防隊2,27,0.0,44.4
末尾:3,パチスロ　ツインエンジェルＰＡＲＴＹ,9,0.0,44.4
末尾:3,化物語,9,460.0,44.4
末尾:3,アレックス ブライト,23,133.7,43.5
末尾:3,L戦国乙女5 業火を穿つ宿焔の双刃,147,0.0,42.9
末尾:3,ストリートファイター6,14,818.5,42.9
末尾:3,Lバンドリ！,48,-0.2,41.7
末尾:3,Lパチスロ革命機ヴァルヴレイヴ2,20,-0.2,40.0
末尾:3,翔べ！ハーレムエース,10,314.8,40.0
末尾:3,L ToLOVEるダークネス TRANCE ver.8.7,36,-0.2,38.9
末尾:3,スーパーリオエース2,18,486.5,38.9
末尾:3,L青春ブタ野郎はバニーガール先輩の夢を見ない,18,0.0,38.9
末尾:3,マギアレコード 魔法少女まどか☆マギカ外伝,90,307.7,37.8
末尾:3,スロット ゾンビランドサガ,8,0.2,37.5
末尾:3,スロット ワールドダイスター,16,-0.5,37.5
末尾:3,スマスロ リコリス・リコイル,30,0.0,36.7
末尾:3,スロット ソードアート・オンラインⅡ,72,0.0,36.1
末尾:3,L南国育ち SPECIAL,17,-0.4,35.3
末尾:3,戦国乙女5 業火を穿つ宿焔の双刃,74,689.5,35.1
末尾:3,スマスロモンキーターンV,40,-0.2,35.0
末尾:3,Lソードアート・オンライン,20,-0.5,35.0
末尾:3,A-SLOT+異世界かるてっとBT,23,-0.5,34.8
末尾:3,真打 吉宗,26,99.5,34.6
末尾:3,Lパチスロからくりサーカス2,54,-0.2,33.3
末尾:3,ウルトラミラクルジャグラー,12,-0.2,33.3
末尾:3,スマスロ ストリートファイター6,9,-0.2,33.3
末尾:3,からくりサーカス2,45,384.0,33.3
末尾:3,うみねこのなく頃に2,12,546.0,33.3
末尾:3,L東京喰種,60,-0.2,31.7
末尾:3,スマスロ ゴッドイーター リザレクション,10,-0.5,30.0
末尾:3,Lひぐらしのなく頃に業,20,0.0,30.0
末尾:3,スマート沖スロ ニューキングハナハナV,10,106.0,30.0
末尾:3,少女☆歌劇 レヴュースタァライト ‐The SLOT‐,20,475.5,30.0
末尾:3,Lアズールレーン THE ANIMATION,21,-0.5,28.6
末尾:3,スマスロ マギアレコード 魔法少女まどか☆マギカ外伝,120,0.0,27.5
末尾:3,L虚構推理,26,-0.2,26.9
末尾:3,マイジャグラーV,60,32.6,26.7
末尾:3,スマスロ サンダーV,20,-0.2,25.0
末尾:3,A-SLOT+ この素晴らしい世界に祝福を！,12,-0.7,25.0
末尾:3,Lマジカルハロウィン8,12,-0.5,25.0
末尾:3,スマスロBIRDIE WING-Golf Girls’ Story-,12,-0.2,25.0
末尾:3,ネオアイムジャグラーEX,12,-0.2,25.0
末尾:3,L無職転生～異世界行ったら本気だす～,8,-0.5,25.0
末尾:3,交響詩篇エウレカセブン HI-EVOLUTION ZERO TYPE-ART,8,-0.5,25.0
末尾:3,スマスロ やじきた道中記参る！,12,-0.4,25.0
末尾:3,スマスロ 甲鉄城のカバネリ 海門決戦,111,0.0,24.3
末尾:3,スマスロ スーパーリオエース2,34,-0.3,23.5
末尾:3,スマスロとある科学の超電磁砲2,13,0.0,23.1
末尾:3,スマスロ ミリオンゴッド-神々の軌跡-,45,-0.6,22.2
末尾:3,Lラブ嬢3～Wご指名はいかがですか?～,18,-0.5,22.2
末尾:3,スマスロ化物語,44,0.0,20.5
末尾:3,Lタクトオーパス デスティニー,20,-0.8,20.0
末尾:3,スマスロ 攻殻機動隊,36,-0.8,19.4
末尾:3,この素晴らしい世界に祝福を！,12,-0.5,16.7
末尾:3,スマスロ バイオハザードRE:3,13,-0.4,15.4
末尾:3,L少女☆歌劇 レヴュースタァライト -The SLOT-,40,-0.5,15.0
末尾:3,L戦国乙女４　戦乱に閃く炯眼の軍師,15,-0.3,13.3
末尾:3,L D4DJ Pachi-Slot Mix,8,-0.8,12.5
末尾:3,スマスロケロット5BT,8,-0.8,12.5
末尾:3,ゴーゴージャグラー３,8,-0.8,12.5
末尾:3,スマスロ ビッグドリーム THE GOLDEN PUSHER,10,0.0,10.0
末尾:3,クレアの秘宝伝～はじまりの扉と太陽の石～ボーナストリガーver.,11,-0.7,9.1
末尾:4,うみねこのなく頃に2,24,457.0,66.7
末尾:4,A-SLOT+ ディスクアップ ULTRAREMIX,12,0.3,58.3
末尾:4,ウルトラミラクルジャグラー,15,81.4,53.3
末尾:4,モンキーターンV,30,958.0,53.3
末尾:4,Lラブ嬢3～Wご指名はいかがですか?～,18,0.0,50.0
末尾:4,ネオアイムジャグラーEX,12,0.0,50.0
末尾:4,タクトオーパス デスティニー,10,1140.0,50.0
末尾:4,とある魔術の禁書目録2,30,685.0,50.0
末尾:4,ワールドダイスター,8,776.0,50.0
末尾:4,L青春ブタ野郎はバニーガール先輩の夢を見ない,18,0.0,50.0
末尾:4,スマスロ サンダーV,30,157.2,46.7
末尾:4,スマスロ とある魔術の禁書目録2,30,0.0,46.7
末尾:4,東京喰種,15,298.0,46.7
末尾:4,Lバンドリ！,48,0.0,45.8
末尾:4,戦国†恋姫,24,166.5,45.8
末尾:4,Lパチスロ革命機ヴァルヴレイヴ2,20,0.0,45.0
末尾:4,パチスロ　ツインエンジェルＰＡＲＴＹ,9,0.0,44.4
末尾:4,ソードアート・オンラインII,18,1604.0,44.4
末尾:4,ToLOVEるダークネス TRANCE ver.8.7,18,623.5,44.4
末尾:4,SHAKE BONUS TRIGGER,32,114.9,43.8
末尾:4,A-SLOT+異世界かるてっとBT,23,-0.3,43.5
末尾:4,マギアレコード 魔法少女まどか☆マギカ外伝,30,356.0,43.3
末尾:4,やじきた道中記参る！,14,488.5,42.9
末尾:4,邪神ちゃんドロップキック,19,701.4,42.1
末尾:4,Lパチスロうみねこのなく頃に2,48,-0.2,41.7
末尾:4,Lマジカルハロウィン8,12,0.0,41.7
末尾:4,スマスロ ゴッドイーター リザレクション,10,0.0,40.0
末尾:4,Lひぐらしのなく頃に業,20,0.0,40.0
末尾:4,戦国コレクション6,88,148.6,39.8
末尾:4,真打 吉宗,26,189.6,38.5
末尾:4,L邪神ちゃんドロップキック,13,0.0,38.5
末尾:4,L戦国乙女5 業火を穿つ宿焔の双刃,147,0.0,38.1
末尾:4,スロット ソードアート・オンラインⅡ,72,0.0,37.5
末尾:4,ミスタージャグラー,16,-0.5,37.5
末尾:4,L D4DJ Pachi-Slot Mix,8,-0.2,37.5
末尾:4,スマスロケロット5BT,8,-0.2,37.5
末尾:4,スロット ゾンビランドサガ,8,-0.2,37.5
末尾:4,翔べ！ハーレムエース,8,-0.2,37.5
末尾:4,ゴーゴージャグラー３,8,-0.2,37.5
末尾:4,スマスロ 攻殻機動隊,36,-0.2,36.1
末尾:4,スマスロ 甲鉄城のカバネリ 海門決戦,111,0.0,34.2
末尾:4,パチスロ戦国恋姫,48,-0.5,33.3
末尾:4,A-SLOT+ この素晴らしい世界に祝福を！,12,-0.2,33.3
末尾:4,この素晴らしい世界に祝福を！,18,162.0,33.3
末尾:4,スマスロ やじきた道中記参る！,12,-0.4,33.3
末尾:4,ミリオンゴッド‐神々の軌跡‐,24,504.0,33.3
末尾:4,スマスロ リコリス・リコイル,30,0.0,33.3
末尾:4,プリズムナナ,28,-0.2,32.1
末尾:4,L南国育ち SPECIAL,22,287.9,31.8
末尾:4,L東京喰種,60,0.0,31.7
末尾:4,スロット ワールドダイスター,16,-0.5,31.2
末尾:4,マイジャグラーV,60,28.4,30.0
末尾:4,Lタクトオーパス デスティニー,20,-0.2,30.0
末尾:4,スマート沖スロ ニューキングハナハナV,10,155.2,30.0
末尾:4,からくりサーカス2,30,441.5,30.0
末尾:4,Lパチスロ炎炎ノ消防隊2,27,-0.3,29.6
末尾:4,Lアズールレーン THE ANIMATION,21,-0.4,28.6
末尾:4,化物語,18,392.0,27.8
末尾:4,スマスロ化物語,44,-0.3,27.3
末尾:4,L虚構推理,26,-0.5,26.9
末尾:4,スマスロ マギアレコード 魔法少女まどか☆マギカ外伝,120,-0.2,25.8
末尾:4,L無職転生～異世界行ったら本気だす～,8,-0.5,25.0
末尾:4,交響詩篇エウレカセブン HI-EVOLUTION ZERO TYPE-ART,8,-0.5,25.0
末尾:4,スマート沖スロ ダークハイビ,8,-0.5,25.0
末尾:4,Lパチスロからくりサーカス2,54,-0.3,24.1
末尾:4,スマスロモンキーターンV,40,-0.8,22.5
末尾:4,アニマルスロット ドッチ,9,-0.6,22.2
末尾:4,Lソードアート・オンライン,20,0.0,20.0
末尾:4,スマスロ ハナビ,20,-0.8,20.0
末尾:4,L ToLOVEるダークネス TRANCE ver.8.7,36,-0.5,19.4
末尾:4,スマスロ痛いのは嫌なので防御力に極振りしたいと思います。,16,-0.8,18.8
末尾:4,クレアの秘宝伝～はじまりの扉と太陽の石～ボーナストリガーver.,11,-0.2,18.2
末尾:4,L少女☆歌劇 レヴュースタァライト -The SLOT-,40,-0.2,17.5
末尾:4,アレックス ブライト,18,-0.7,16.7
末尾:4,Lパチスロガールズ＆パンツァー 最終章,12,-0.2,16.7
末尾:4,スマスロBIRDIE WING-Golf Girls’ Story-,12,-0.5,16.7
末尾:4,回胴式遊技機グランベルム,8,-0.8,12.5
末尾:4,スマスロ スーパーリオエース2,34,0.0,11.8
末尾:4,スマスロ ミリオンゴッド-神々の軌跡-,45,-1.0,11.1
末尾:4,スマスロ ストリートファイター6,9,-1.0,11.1
末尾:4,スマスロとある科学の超電磁砲2,13,-1.0,7.7
末尾:4,スマスロ バイオハザードRE:3,13,-0.4,7.7
末尾:4,L戦国乙女４　戦乱に閃く炯眼の軍師,15,-0.3,6.7
末尾:4,スマスロ ビッグドリーム THE GOLDEN PUSHER,10,-0.5,0.0
末尾:5,A-SLOT+ ディスクアップ ULTRAREMIX,12,0.7,75.0
末尾:5,クレアの秘宝伝～はじまりの扉と太陽の石～ボーナストリガーver.,11,0.3,72.7
末尾:5,スマスロ ストリートファイター6,9,0.6,66.7
末尾:5,ゴーゴージャグラー３,8,0.5,62.5
末尾:5,ワールドダイスター,8,670.0,62.5
末尾:5,SHAKE BONUS TRIGGER,22,0.3,59.1
末尾:5,戦国†恋姫,12,225.0,58.3
末尾:5,バンドリ！,24,943.0,54.2
末尾:5,A-SLOT+ この素晴らしい世界に祝福を！,12,-0.2,50.0
末尾:5,Lパチスロガールズ＆パンツァー 最終章,12,0.2,50.0
末尾:5,翔べ！ハーレムエース,8,0.2,50.0
末尾:5,ストリートファイター6,14,1162.0,50.0
末尾:5,モンキーターンV,10,698.0,50.0
末尾:5,Lパチスロ革命機ヴァルヴレイヴ2,20,0.0,45.0
末尾:5,少女☆歌劇 レヴュースタァライト ‐The SLOT‐,20,488.5,45.0
末尾:5,パチスロ　ツインエンジェルＰＡＲＴＹ,9,0.0,44.4
末尾:5,からくりサーカス2,45,1065.0,44.4
末尾:5,ソードアート・オンラインII,36,697.0,44.4
末尾:5,攻殻機動隊,9,648.0,44.4
末尾:5,スーパーリオエース2,9,639.0,44.4
末尾:5,スロット ワールドダイスター,16,-0.5,43.8
末尾:5,L戦国乙女5 業火を穿つ宿焔の双刃,147,0.0,43.5
末尾:5,戦国コレクション6,88,79.0,42.0
末尾:5,ウルトラミラクルジャグラー,12,0.0,41.7
末尾:5,甲鉄城のカバネリ 海門(うなと)決戦,60,454.0,41.7
末尾:5,うみねこのなく頃に2,24,297.5,41.7
末尾:5,タクトオーパス デスティニー,10,2245.5,40.0
末尾:5,とある魔術の禁書目録2,15,270.0,40.0
末尾:5,Lパチスロうみねこのなく頃に2,48,-0.2,39.6
末尾:5,Lパチスロからくりサーカス2,54,0.0,38.9
末尾:5,戦国乙女5 業火を穿つ宿焔の双刃,37,141.0,37.8
末尾:5,スマスロ痛いのは嫌なので防御力に極振りしたいと思います。,16,-0.2,37.5
末尾:5,交響詩篇エウレカセブン HI-EVOLUTION ZERO TYPE-ART,8,-0.2,37.5
末尾:5,L ToLOVEるダークネス TRANCE ver.8.7,36,-0.2,36.1
末尾:5,L南国育ち SPECIAL,17,-0.4,35.3
末尾:5,スマスロ 甲鉄城のカバネリ 海門決戦,111,0.0,35.1
末尾:5,Lタクトオーパス デスティニー,20,-0.2,35.0
末尾:5,Lひぐらしのなく頃に業,20,0.0,35.0
末尾:5,スロット ソードアート・オンラインⅡ,72,-0.2,33.3
末尾:5,Lバンドリ！,48,-0.2,33.3
末尾:5,パチスロ戦国恋姫,48,-0.5,33.3
末尾:5,マイジャグラーV,60,43.2,33.3
末尾:5,L戦国乙女４　戦乱に閃く炯眼の軍師,15,0.0,33.3
末尾:5,この素晴らしい世界に祝福を！,15,248.4,33.3
末尾:5,アニマルスロット ドッチ,9,-0.3,33.3
末尾:5,化物語,9,1091.0,33.3
末尾:5,ミリオンゴッド‐神々の軌跡‐,12,476.0,33.3
末尾:5,L青春ブタ野郎はバニーガール先輩の夢を見ない,18,0.0,33.3
末尾:5,スマスロモンキーターンV,40,-0.2,32.5
末尾:5,スマスロ ハナビ,25,78.2,32.0
末尾:5,スマスロ化物語,44,-0.3,31.8
末尾:5,L東京喰種,60,-0.2,31.7
末尾:5,プリズムナナ,35,178.0,31.4
末尾:5,ミスタージャグラー,16,-0.2,31.2
末尾:5,スマスロとある科学の超電磁砲2,13,-0.2,30.8
末尾:5,L邪神ちゃんドロップキック,13,-0.5,30.8
末尾:5,邪神ちゃんドロップキック,13,858.4,30.8
末尾:5,スマスロ 攻殻機動隊,36,-0.5,30.6
末尾:5,真打 吉宗,30,131.8,30.0
末尾:5,ヤバチバ,10,806.4,30.0
末尾:5,スマスロ とある魔術の禁書目録2,30,0.0,30.0
末尾:5,スマスロ リコリス・リコイル,30,0.0,30.0
末尾:5,スマスロ ミリオンゴッド-神々の軌跡-,45,-0.4,28.9
末尾:5,マギアレコード 魔法少女まどか☆マギカ外伝,60,141.0,28.3
末尾:5,Lラブ嬢3～Wご指名はいかがですか?～,18,-0.7,27.8
末尾:5,スマスロ マギアレコード 魔法少女まどか☆マギカ外伝,120,0.0,27.5
末尾:5,L虚構推理,26,-0.5,26.9
末尾:5,ネオアイムジャグラーEX,15,88.8,26.7
末尾:5,東京喰種,15,140.0,26.7
末尾:5,A-SLOT+異世界かるてっとBT,23,-0.7,26.1
末尾:5,アレックス ブライト,23,75.7,26.1
末尾:5,L少女☆歌劇 レヴュースタァライト -The SLOT-,40,-0.2,25.0
末尾:5,Lマジカルハロウィン8,12,-0.5,25.0
末尾:5,スマスロBIRDIE WING-Golf Girls’ Story-,12,-0.5,25.0
末尾:5,L D4DJ Pachi-Slot Mix,8,-0.2,25.0
末尾:5,スマート沖スロ ダークハイビ,8,-0.5,25.0
末尾:5,スマスロケロット5BT,8,-0.2,25.0
末尾:5,Lアズールレーン THE ANIMATION,21,-0.3,23.8
末尾:5,Lパチスロ炎炎ノ消防隊2,27,-0.2,22.2
末尾:5,スマスロ ゴッドイーター リザレクション,10,-0.5,20.0
末尾:5,スマート沖スロ ニューキングハナハナV,10,135.0,20.0
末尾:5,スマスロ スーパーリオエース2,34,-0.3,17.6
末尾:5,Lソードアート・オンライン,20,-0.5,15.0
末尾:5,L無職転生～異世界行ったら本気だす～,8,-0.8,12.5
末尾:5,回胴式遊技機グランベルム,8,-0.8,12.5
末尾:5,スロット ゾンビランドサガ,8,-0.8,12.5
末尾:5,スマスロ サンダーV,20,-0.8,10.0
末尾:5,スマスロ やじきた道中記参る！,12,-1.0,8.3
末尾:5,スマスロ バイオハザードRE:3,13,-0.8,7.7
末尾:5,スマスロ ビッグドリーム THE GOLDEN PUSHER,10,-1.0,0.0
末尾:6,Lパチスロうみねこのなく頃に2,48,0.8,79.2
末尾:6,A-SLOT+ ディスクアップ ULTRAREMIX,12,0.8,75.0
末尾:6,交響詩篇エウレカセブン HI-EVOLUTION ZERO TYPE-ART,8,0.5,75.0
末尾:6,L青春ブタ野郎はバニーガール先輩の夢を見ない,18,1.0,72.2
末尾:6,翔べ！ハーレムエース,10,322.8,70.0
末尾:6,L D4DJ Pachi-Slot Mix,8,0.2,62.5
末尾:6,スマスロケロット5BT,8,0.2,62.5
末尾:6,ワールドダイスター,24,1274.3,62.5
末尾:6,ToLOVEるダークネス TRANCE ver.8.7,18,2498.0,61.1
末尾:6,Lひぐらしのなく頃に業,20,0.5,60.0
末尾:6,パチスロ戦国恋姫,48,0.2,58.3
末尾:6,この素晴らしい世界に祝福を！,12,0.2,58.3
末尾:6,スマスロ やじきた道中記参る！,12,0.0,58.3
末尾:6,うみねこのなく頃に2,36,905.7,58.3
末尾:6,戦国†恋姫,36,1077.7,58.3
末尾:6,スマスロ ストリートファイター6,9,0.0,55.6
末尾:6,とある魔術の禁書目録2,45,1099.3,55.6
末尾:6,Lソードアート・オンライン,20,0.2,55.0
末尾:6,クレアの秘宝伝～はじまりの扉と太陽の石～ボーナストリガーver.,11,0.0,54.5
末尾:6,バンドリ！,24,973.0,54.2
末尾:6,L邪神ちゃんドロップキック,13,0.0,53.8
末尾:6,SHAKE BONUS TRIGGER,27,318.9,51.9
末尾:6,マギアレコード 魔法少女まどか☆マギカ外伝,60,766.0,51.7
末尾:6,戦国乙女5 業火を穿つ宿焔の双刃,74,830.0,51.4
末尾:6,Lバンドリ！,48,0.0,50.0
末尾:6,スマスロ ハナビ,20,-0.2,50.0
末尾:6,ミスタージャグラー,16,0.0,50.0
末尾:6,Lマジカルハロウィン8,12,0.0,50.0
末尾:6,スマート沖スロ ニューキングハナハナV,8,0.0,50.0
末尾:6,革命機ヴァルヴレイヴ2,10,3278.5,50.0
末尾:6,少女☆歌劇 レヴュースタァライト ‐The SLOT‐,20,940.5,50.0
末尾:6,甲鉄城のカバネリ 海門(うなと)決戦,90,667.3,48.9
末尾:6,ウルトラミラクルジャグラー,15,256.0,46.7
末尾:6,スマスロ炎炎ノ消防隊2,13,634.0,46.2
末尾:6,Lタクトオーパス デスティニー,20,0.0,45.0
末尾:6,マイジャグラーV,72,119.7,44.4
末尾:6,L ToLOVEるダークネス TRANCE ver.8.7,36,-0.2,44.4
末尾:6,パチスロ　ツインエンジェルＰＡＲＴＹ,9,0.0,44.4
末尾:6,アニマルスロット ドッチ,9,-0.2,44.4
末尾:6,スーパーリオエース2,27,628.0,44.4
末尾:6,攻殻機動隊,9,402.0,44.4
末尾:6,L戦国乙女5 業火を穿つ宿焔の双刃,147,0.0,44.2
末尾:6,スマスロ マギアレコード 魔法少女まどか☆マギカ外伝,120,0.0,44.2
末尾:6,スマスロ リコリス・リコイル,30,0.0,43.3
末尾:6,戦国コレクション6,59,-0.2,42.4
末尾:6,スマスロ 甲鉄城のカバネリ 海門決戦,111,0.0,42.3
末尾:6,スマスロBIRDIE WING-Golf Girls’ Story-,12,-0.2,41.7
末尾:6,L少女☆歌劇 レヴュースタァライト -The SLOT-,40,0.0,40.0
末尾:6,Lパチスロ革命機ヴァルヴレイヴ2,20,-0.2,40.0
末尾:6,スマスロ サンダーV,20,0.0,40.0
末尾:6,モンキーターンV,10,454.0,40.0
末尾:6,ソードアート・オンラインII,18,745.0,38.9
末尾:6,スマスロ化物語,44,-0.1,38.6
末尾:6,L虚構推理,26,0.0,38.5
末尾:6,スマスロとある科学の超電磁砲2,13,-0.2,38.5
末尾:6,L東京喰種,60,-0.2,38.3
末尾:6,スマスロ痛いのは嫌なので防御力に極振りしたいと思います。,16,-0.2,37.5
末尾:6,L無職転生～異世界行ったら本気だす～,8,-0.2,37.5
末尾:6,回胴式遊技機グランベルム,8,-0.2,37.5
末尾:6,スロット ゾンビランドサガ,8,0.0,37.5
末尾:6,ゴーゴージャグラー３,8,-0.2,37.5
末尾:6,スロット ワールドダイスター,16,0.0,37.5
末尾:6,プリズムナナ,35,196.4,37.1
末尾:6,Lパチスロからくりサーカス2,54,-0.2,37.0
末尾:6,Lパチスロ炎炎ノ消防隊2,27,-0.2,37.0
末尾:6,真打 吉宗,22,-0.4,36.4
末尾:6,L南国育ち SPECIAL,17,-0.3,35.3
末尾:6,アレックス ブライト,23,170.9,34.8
末尾:6,スロット ソードアート・オンラインⅡ,72,-0.2,33.3
末尾:6,L戦国乙女４　戦乱に閃く炯眼の軍師,15,-0.7,33.3
末尾:6,ネオアイムジャグラーEX,12,-0.2,33.3
末尾:6,スマスロ とある魔術の禁書目録2,30,0.0,33.3
末尾:6,スマスロモンキーターンV,40,-0.2,32.5
末尾:6,スマスロ バイオハザードRE:3,13,-0.2,30.8
末尾:6,A-SLOT+異世界かるてっとBT,23,-0.3,30.4
末尾:6,スマスロ ゴッドイーター リザレクション,10,0.0,30.0
末尾:6,スマスロ ミリオンゴッド-神々の軌跡-,45,-0.4,28.9
末尾:6,Lアズールレーン THE ANIMATION,21,-0.5,28.6
末尾:6,スマスロ 攻殻機動隊,36,-0.5,27.8
末尾:6,A-SLOT+ この素晴らしい世界に祝福を！,12,-0.5,25.0
末尾:6,ヤバチバ,8,1165.2,25.0
末尾:6,スマスロ スーパーリオエース2,34,-0.7,23.5
末尾:6,スマスロ ビッグドリーム THE GOLDEN PUSHER,10,-0.5,20.0
末尾:6,Lラブ嬢3～Wご指名はいかがですか?～,18,-0.7,16.7
末尾:6,スマート沖スロ ダークハイビ,8,-0.8,12.5
末尾:6,Lパチスロガールズ＆パンツァー 最終章,12,-0.8,8.3
末尾:7,ゴーゴージャグラー３,8,0.8,87.5
末尾:7,スマスロ ストリートファイター6,9,0.2,66.7
末尾:7,クレアの秘宝伝～はじまりの扉と太陽の石～ボーナストリガーver.,11,0.2,63.6
末尾:7,ワールドダイスター,8,924.0,62.5
末尾:7,スマスロ リコリス・リコイル,30,0.0,60.0
末尾:7,戦国†恋姫,12,438.0,58.3
末尾:7,スマスロ炎炎ノ消防隊2,12,385.5,58.3
末尾:7,A-SLOT+異世界かるてっとBT,23,0.3,56.5
末尾:7,Lパチスロうみねこのなく頃に2,48,0.2,56.2
末尾:7,スマスロ サンダーV,20,0.0,50.0
末尾:7,スマスロ痛いのは嫌なので防御力に極振りしたいと思います。,16,0.0,50.0
末尾:7,交響詩篇エウレカセブン HI-EVOLUTION ZERO TYPE-ART,8,0.2,50.0
末尾:7,スマスロケロット5BT,8,0.0,50.0
末尾:7,翔べ！ハーレムエース,10,300.6,50.0
末尾:7,スマスロ やじきた道中記参る！,12,-0.4,50.0
末尾:7,マギアレコード 魔法少女まどか☆マギカ外伝,30,289.0,50.0
末尾:7,ソードアート・オンラインII,18,1584.0,50.0
末尾:7,うみねこのなく頃に2,12,341.0,50.0
末尾:7,モンキーターンV,20,196.5,45.0
末尾:7,SHAKE BONUS TRIGGER,27,76.9,44.4
末尾:7,攻殻機動隊,9,1549.0,44.4
末尾:7,スマスロモンキーターンV,40,0.0,42.5
末尾:7,ネオアイムジャグラーEX,12,-0.2,41.7
末尾:7,バンドリ！,12,605.0,41.7
末尾:7,戦国乙女5 業火を穿つ宿焔の双刃,111,470.0,41.4
末尾:7,スマスロ ゴッドイーター リザレクション,10,0.0,40.0
末尾:7,とある魔術の禁書目録2,15,238.0,40.0
末尾:7,この素晴らしい世界に祝福を！,18,214.0,38.9
末尾:7,スマスロ 甲鉄城のカバネリ 海門決戦,111,0.0,38.7
末尾:7,L邪神ちゃんドロップキック,13,-0.5,38.5
末尾:7,プリズムナナ,29,-0.2,37.9
末尾:7,ミスタージャグラー,16,-0.2,37.5
末尾:7,ヤバチバ,8,581.8,37.5
末尾:7,L南国育ち SPECIAL,19,186.5,36.8
末尾:7,からくりサーカス2,30,146.5,36.7
末尾:7,スマスロ ハナビ,25,187.0,36.0
末尾:7,L戦国乙女5 業火を穿つ宿焔の双刃,147,0.0,35.4
末尾:7,戦国コレクション6,74,273.6,35.1
末尾:7,Lパチスロ革命機ヴァルヴレイヴ2,20,-0.5,35.0
末尾:7,アレックス ブライト,23,97.7,34.8
末尾:7,スロット ソードアート・オンラインⅡ,72,-0.2,34.7
末尾:7,パチスロ戦国恋姫,48,-0.2,33.3
末尾:7,Lパチスロ炎炎ノ消防隊2,27,-0.3,33.3
末尾:7,A-SLOT+ この素晴らしい世界に祝福を！,12,-0.5,33.3
末尾:7,A-SLOT+ ディスクアップ ULTRAREMIX,12,-0.5,33.3
末尾:7,Lパチスロガールズ＆パンツァー 最終章,12,-0.2,33.3
末尾:7,ToLOVEるダークネス TRANCE ver.8.7,18,296.0,33.3
末尾:7,甲鉄城のカバネリ 海門(うなと)決戦,30,206.0,33.3
末尾:7,東京喰種,15,243.0,33.3
末尾:7,Lパチスロからくりサーカス2,54,-0.4,31.5
末尾:7,Lバンドリ！,48,-0.5,31.2
末尾:7,マイジャグラーV,48,-0.2,31.2
末尾:7,真打 吉宗,26,662.3,30.8
末尾:7,L ToLOVEるダークネス TRANCE ver.8.7,36,-0.5,30.6
末尾:7,Lタクトオーパス デスティニー,20,-0.5,30.0
末尾:7,スマスロ ビッグドリーム THE GOLDEN PUSHER,10,0.0,30.0
末尾:7,少女☆歌劇 レヴュースタァライト ‐The SLOT‐,10,850.0,30.0
末尾:7,スマスロ ミリオンゴッド-神々の軌跡-,45,-0.6,28.9
末尾:7,スマスロ マギアレコード 魔法少女まどか☆マギカ外伝,120,0.0,28.3
末尾:7,スマスロ 攻殻機動隊,36,-0.5,27.8
末尾:7,L青春ブタ野郎はバニーガール先輩の夢を見ない,18,0.0,27.8
末尾:7,Lひぐらしのなく頃に業,20,-0.2,25.0
末尾:7,ウルトラミラクルジャグラー,12,-0.5,25.0
末尾:7,L D4DJ Pachi-Slot Mix,8,-0.5,25.0
末尾:7,回胴式遊技機グランベルム,8,-0.2,25.0
末尾:7,スマート沖スロ ダークハイビ,8,-0.5,25.0
末尾:7,スロット ゾンビランドサガ,8,-0.5,25.0
末尾:7,スマート沖スロ ニューキングハナハナV,8,-0.5,25.0
末尾:7,スロット ワールドダイスター,16,-1.0,25.0
末尾:7,ミリオンゴッド‐神々の軌跡‐,12,644.0,25.0
末尾:7,L東京喰種,60,-0.8,23.3
末尾:7,スマスロとある科学の超電磁砲2,13,0.0,23.1
末尾:7,Lラブ嬢3～Wご指名はいかがですか?～,18,-0.3,22.2
末尾:7,パチスロ　ツインエンジェルＰＡＲＴＹ,9,-0.3,22.2
末尾:7,Lソードアート・オンライン,19,-0.5,21.1
末尾:7,スマスロ スーパーリオエース2,34,0.0,20.6
末尾:7,スマスロ とある魔術の禁書目録2,30,-0.5,20.0
末尾:7,Lマジカルハロウィン8,12,-0.8,16.7
末尾:7,スマスロBIRDIE WING-Golf Girls’ Story-,12,-0.5,16.7
末尾:7,スマスロ化物語,44,-0.3,15.9
末尾:7,スマスロ バイオハザードRE:3,13,0.0,15.4
末尾:7,L少女☆歌劇 レヴュースタァライト -The SLOT-,40,-0.8,15.0
末尾:7,Lアズールレーン THE ANIMATION,21,-0.5,14.3
末尾:7,L無職転生～異世界行ったら本気だす～,8,-0.8,12.5
末尾:7,L虚構推理,26,-0.5,11.5
末尾:7,アニマルスロット ドッチ,9,-0.4,11.1
末尾:7,L戦国乙女４　戦乱に閃く炯眼の軍師,15,-1.0,6.7
末尾:8,ワールドダイスター,8,1829.0,87.5
末尾:8,L無職転生～異世界行ったら本気だす～,8,0.2,62.5
末尾:8,スマスロ やじきた道中記参る！,12,0.4,58.3
末尾:8,戦国†恋姫,12,575.0,58.3
末尾:8,A-SLOT+異世界かるてっとBT,23,0.0,52.2
末尾:8,パチスロ戦国恋姫,48,0.0,50.0
末尾:8,スマスロ スーパーリオエース2,34,0.3,50.0
末尾:8,スマスロ ハナビ,20,0.0,50.0
末尾:8,回胴式遊技機グランベルム,8,0.0,50.0
末尾:8,交響詩篇エウレカセブン HI-EVOLUTION ZERO TYPE-ART,8,0.0,50.0
末尾:8,スマスロケロット5BT,8,0.0,50.0
末尾:8,スマート沖スロ ニューキングハナハナV,8,0.0,50.0
末尾:8,とある魔術の禁書目録2,30,345.0,50.0
末尾:8,喰霊‐零‐Re,14,448.5,50.0
末尾:8,東京喰種,45,631.3,48.9
末尾:8,アレックス ブライト,23,129.8,47.8
末尾:8,甲鉄城のカバネリ 海門(うなと)決戦,30,261.0,46.7
末尾:8,L戦国乙女5 業火を穿つ宿焔の双刃,147,0.2,46.3
末尾:8,真打 吉宗,26,133.5,46.2
末尾:8,L邪神ちゃんドロップキック,13,-0.5,46.2
末尾:8,戦国乙女5 業火を穿つ宿焔の双刃,74,571.0,45.9
末尾:8,ミスタージャグラー,24,194.8,45.8
末尾:8,スマスロ サンダーV,20,0.0,45.0
末尾:8,Lパチスロ炎炎ノ消防隊2,27,-0.3,44.4
末尾:8,アニマルスロット ドッチ,9,0.2,44.4
末尾:8,スマスロ ストリートファイター6,9,0.0,44.4
末尾:8,ToLOVEるダークネス TRANCE ver.8.7,9,323.0,44.4
末尾:8,スマスロ痛いのは嫌なので防御力に極振りしたいと思います。,16,-0.2,43.8
末尾:8,L東京喰種,60,-0.2,43.3
末尾:8,ソードアート・オンラインII,54,951.3,42.6
末尾:8,Lパチスロガールズ＆パンツァー 最終章,12,0.0,41.7
末尾:8,スマスロ炎炎ノ消防隊2,12,664.5,41.7
末尾:8,うみねこのなく頃に2,36,260.3,41.7
末尾:8,SHAKE BONUS TRIGGER,22,-0.5,40.9
末尾:8,スマスロモンキーターンV,40,0.0,40.0
末尾:8,からくりサーカス2,15,1786.0,40.0
末尾:8,革命機ヴァルヴレイヴ2,10,228.5,40.0
末尾:8,スマスロ リコリス・リコイル,30,0.0,40.0
末尾:8,スマスロ バイオハザードRE:3,13,0.0,38.5
末尾:8,L D4DJ Pachi-Slot Mix,8,-0.2,37.5
末尾:8,Lソードアート・オンライン,19,-0.5,36.8
末尾:8,マギアレコード 魔法少女まどか☆マギカ外伝,90,393.0,35.6
末尾:8,Lパチスロうみねこのなく頃に2,48,-0.2,35.4
末尾:8,マイジャグラーV,48,-0.2,35.4
末尾:8,スマスロ 甲鉄城のカバネリ 海門決戦,111,0.0,35.1
末尾:8,Lパチスロ革命機ヴァルヴレイヴ2,20,-0.2,35.0
末尾:8,Lタクトオーパス デスティニー,20,-0.2,35.0
末尾:8,Lひぐらしのなく頃に業,20,-0.2,35.0
末尾:8,モンキーターンV,20,121.5,35.0
末尾:8,スマスロ化物語,44,-0.3,34.1
末尾:8,プリズムナナ,50,186.6,34.0
末尾:8,スロット ソードアート・オンラインⅡ,72,0.0,33.3
末尾:8,Lバンドリ！,48,-0.2,33.3
末尾:8,Lラブ嬢3～Wご指名はいかがですか?～,18,-0.2,33.3
末尾:8,Lマジカルハロウィン8,12,-0.2,33.3
末尾:8,スマスロBIRDIE WING-Golf Girls’ Story-,12,0.0,33.3
末尾:8,この素晴らしい世界に祝福を！,12,-0.2,33.3
末尾:8,パチスロ　ツインエンジェルＰＡＲＴＹ,9,-0.3,33.3
末尾:8,ウルトラミラクルジャグラー,15,139.0,33.3
末尾:8,L青春ブタ野郎はバニーガール先輩の夢を見ない,18,0.0,33.3
末尾:8,スロット ワールドダイスター,16,-0.5,31.2
末尾:8,スマスロ 攻殻機動隊,36,-0.2,30.6
末尾:8,L ToLOVEるダークネス TRANCE ver.8.7,36,-0.2,30.6
末尾:8,スマスロ ゴッドイーター リザレクション,10,-0.5,30.0
末尾:8,バンドリ！,24,307.0,29.2
末尾:8,Lアズールレーン THE ANIMATION,21,-0.6,28.6
末尾:8,スマスロ マギアレコード 魔法少女まどか☆マギカ外伝,120,-0.5,28.3
末尾:8,L少女☆歌劇 レヴュースタァライト -The SLOT-,40,-0.8,27.5
末尾:8,戦国コレクション6,73,19.0,27.4
末尾:8,L虚構推理,26,-0.2,26.9
末尾:8,スマスロ ミリオンゴッド-神々の軌跡-,45,-0.4,26.7
末尾:8,スマスロ とある魔術の禁書目録2,30,-0.5,26.7
末尾:8,化物語,23,253.0,26.1
末尾:8,Lパチスロからくりサーカス2,54,-0.3,25.9
末尾:8,A-SLOT+ この素晴らしい世界に祝福を！,12,-0.3,25.0
末尾:8,ネオアイムジャグラーEX,12,-0.5,25.0
末尾:8,スロット ゾンビランドサガ,8,-0.5,25.0
末尾:8,ゴーゴージャグラー３,8,-0.5,25.0
末尾:8,スマスロとある科学の超電磁砲2,13,-0.2,23.1
末尾:8,L南国育ち SPECIAL,17,-0.6,17.6
末尾:8,A-SLOT+ ディスクアップ ULTRAREMIX,12,-1.0,16.7
末尾:8,L戦国乙女４　戦乱に閃く炯眼の軍師,15,-0.7,13.3
末尾:8,スマート沖スロ ダークハイビ,8,-0.8,12.5
末尾:8,スマスロ ビッグドリーム THE GOLDEN PUSHER,10,-0.5,10.0
末尾:8,クレアの秘宝伝～はじまりの扉と太陽の石～ボーナストリガーver.,11,-0.7,9.1
末尾:8,翔べ！ハーレムエース,8,-1.0,0.0
末尾:9,青春ブタ野郎はバニーガール先輩の夢を見ない,18,2048.0,72.2
末尾:9,スマスロ炎炎ノ消防隊2,12,2126.5,66.7
末尾:9,アレックス ブライト,23,52.8,56.5
末尾:9,Lパチスロうみねこのなく頃に2,48,0.2,56.2
末尾:9,うみねこのなく頃に2,24,316.0,54.2
末尾:9,戦国†恋姫,24,325.0,54.2
末尾:9,スマスロ ハナビ,30,209.0,53.3
末尾:9,L南国育ち SPECIAL,17,0.0,52.9
末尾:9,パチスロ戦国恋姫,48,0.0,50.0
末尾:9,A-SLOT+ ディスクアップ ULTRAREMIX,12,0.2,50.0
末尾:9,ネオアイムジャグラーEX,12,0.0,50.0
末尾:9,回胴式遊技機グランベルム,8,0.0,50.0
末尾:9,翔べ！ハーレムエース,10,178.8,50.0
末尾:9,スマスロ やじきた道中記参る！,12,0.0,50.0
末尾:9,ToLOVEるダークネス TRANCE ver.8.7,18,1452.0,50.0
末尾:9,ワールドダイスター,8,373.0,50.0
末尾:9,マイジャグラーV,60,27.8,48.3
末尾:9,スマスロ 攻殻機動隊,36,0.0,47.2
末尾:9,からくりサーカス2,24,239.2,45.8
末尾:9,Lタクトオーパス デスティニー,20,0.0,45.0
末尾:9,ミスタージャグラー,20,60.6,45.0
末尾:9,モンキーターンV,20,427.0,45.0
末尾:9,パチスロ　ツインエンジェルＰＡＲＴＹ,9,0.3,44.4
末尾:9,攻殻機動隊,9,753.0,44.4
末尾:9,スマスロ痛いのは嫌なので防御力に極振りしたいと思います。,16,0.0,43.8
末尾:9,L東京喰種,60,0.0,43.3
末尾:9,マギアレコード 魔法少女まどか☆マギカ外伝,30,867.0,43.3
末尾:9,リコリス・リコイル,30,185.0,43.3
末尾:9,戦国乙女5 業火を穿つ宿焔の双刃,111,469.7,43.2
末尾:9,Lアズールレーン THE ANIMATION,21,-0.2,42.9
末尾:9,やじきた道中記参る！,14,918.0,42.9
末尾:9,L少女☆歌劇 レヴュースタァライト -The SLOT-,40,0.0,42.5
末尾:9,スロット ソードアート・オンラインⅡ,72,-0.2,41.7
末尾:9,L ToLOVEるダークネス TRANCE ver.8.7,36,0.0,41.7
末尾:9,バンドリ！,12,161.0,41.7
末尾:9,スマスロ ゴッドイーター リザレクション,10,-0.5,40.0
末尾:9,Lパチスロ革命機ヴァルヴレイヴ2,20,0.0,40.0
末尾:9,スマスロ サンダーV,25,60.2,40.0
末尾:9,Lひぐらしのなく頃に業,20,-0.2,40.0
末尾:9,スマスロ とある魔術の禁書目録2,30,0.0,40.0
末尾:9,少女☆歌劇 レヴュースタァライト ‐The SLOT‐,10,241.0,40.0
末尾:9,Lバンドリ！,48,-0.2,39.6
末尾:9,A-SLOT+異世界かるてっとBT,23,-0.2,39.1
末尾:9,Lラブ嬢3～Wご指名はいかがですか?～,18,0.2,38.9
末尾:9,L青春ブタ野郎はバニーガール先輩の夢を見ない,18,0.0,38.9
末尾:9,スマスロとある科学の超電磁砲2,13,0.0,38.5
末尾:9,スマスロ マギアレコード 魔法少女まどか☆マギカ外伝,120,0.0,38.3
末尾:9,L戦国乙女5 業火を穿つ宿焔の双刃,147,0.0,38.1
末尾:9,スマスロ 甲鉄城のカバネリ 海門決戦,111,0.0,37.8
末尾:9,スマスロケロット5BT,8,-0.2,37.5
末尾:9,ゴーゴージャグラー３,8,-0.2,37.5
末尾:9,スロット ワールドダイスター,16,0.0,37.5
末尾:9,東京喰種,30,794.5,36.7
末尾:9,戦国コレクション6,102,174.4,35.3
末尾:9,甲鉄城のカバネリ 海門(うなと)決戦,51,422.0,35.3
末尾:9,A-SLOT+ この素晴らしい世界に祝福を！,12,-0.3,33.3
末尾:9,Lパチスロガールズ＆パンツァー 最終章,12,-0.2,33.3
末尾:9,Lマジカルハロウィン8,12,-0.2,33.3
末尾:9,スマスロBIRDIE WING-Golf Girls’ Story-,12,0.0,33.3
末尾:9,この素晴らしい世界に祝福を！,12,-0.5,33.3
末尾:9,化物語,9,240.0,33.3
末尾:9,とある魔術の禁書目録2,15,125.0,33.3
末尾:9,スマスロ リコリス・リコイル,30,0.0,33.3
末尾:9,SHAKE BONUS TRIGGER,22,-0.3,31.8
末尾:9,プリズムナナ,29,-0.3,31.0
末尾:9,スマスロ バイオハザードRE:3,13,-0.8,30.8
末尾:9,L邪神ちゃんドロップキック,13,0.0,30.8
末尾:9,ソードアート・オンラインII,36,205.5,30.6
末尾:9,スマスロモンキーターンV,40,-0.5,30.0
末尾:9,ヤバチバ,10,695.6,30.0
末尾:9,Lパチスロからくりサーカス2,54,-0.3,29.6
末尾:9,Lパチスロ炎炎ノ消防隊2,27,0.0,29.6
末尾:9,スマスロ化物語,44,-0.3,29.5
末尾:9,真打 吉宗,22,-0.5,27.3
末尾:9,L戦国乙女４　戦乱に閃く炯眼の軍師,15,-0.7,26.7
末尾:9,ウルトラミラクルジャグラー,15,250.0,26.7
末尾:9,L無職転生～異世界行ったら本気だす～,8,-0.5,25.0
末尾:9,交響詩篇エウレカセブン HI-EVOLUTION ZERO TYPE-ART,8,-0.5,25.0
末尾:9,スマスロ スーパーリオエース2,34,-0.4,23.5
末尾:9,L虚構推理,26,-0.2,23.1
末尾:9,スマスロ ミリオンゴッド-神々の軌跡-,45,-0.7,22.2
末尾:9,アニマルスロット ドッチ,9,-0.6,22.2
末尾:9,スマスロ ストリートファイター6,9,-0.2,22.2
末尾:9,スーパーリオエース2,9,1219.0,22.2
末尾:9,Lソードアート・オンライン,19,-0.5,21.1
末尾:9,クレアの秘宝伝～はじまりの扉と太陽の石～ボーナストリガーver.,11,-0.5,18.2
末尾:9,L D4DJ Pachi-Slot Mix,8,-0.8,12.5
末尾:9,スロット ゾンビランドサガ,8,-0.8,12.5
末尾:9,スマート沖スロ ニューキングハナハナV,8,-0.5,12.5
末尾:9,スマスロ ビッグドリーム THE GOLDEN PUSHER,10,-0.5,0.0
末尾:9,スマート沖スロ ダークハイビ,8,-1.0,0.0
ｲﾍﾞﾝﾄ:旧イベ(7のつく日/ゾロ目),ゴーゴージャグラー３,12,0.5,75.0
ｲﾍﾞﾝﾄ:旧イベ(7のつく日/ゾロ目),やじきた道中記参る！,14,1201.5,64.3
ｲﾍﾞﾝﾄ:旧イベ(7のつく日/ゾロ目),スマスロ ストリートファイター6,11,0.2,63.6
ｲﾍﾞﾝﾄ:旧イベ(7のつく日/ゾロ目),ワールドダイスター,8,924.0,62.5
ｲﾍﾞﾝﾄ:旧イベ(7のつく日/ゾロ目),攻殻機動隊,18,1236.5,61.1
ｲﾍﾞﾝﾄ:旧イベ(7のつく日/ゾロ目),タクトオーパス デスティニー,10,853.5,60.0
ｲﾍﾞﾝﾄ:旧イベ(7のつく日/ゾロ目),ひぐらしのなく頃に 業,10,738.0,60.0
ｲﾍﾞﾝﾄ:旧イベ(7のつく日/ゾロ目),戦国†恋姫,12,438.0,58.3
ｲﾍﾞﾝﾄ:旧イベ(7のつく日/ゾロ目),翔べ！ハーレムエース,14,214.9,57.1
ｲﾍﾞﾝﾄ:旧イベ(7のつく日/ゾロ目),マギアレコード 魔法少女まどか☆マギカ外伝,60,843.0,56.7
ｲﾍﾞﾝﾄ:旧イベ(7のつく日/ゾロ目),クレアの秘宝伝～はじまりの扉と太陽の石～ボーナストリガーver.,16,0.1,56.2
ｲﾍﾞﾝﾄ:旧イベ(7のつく日/ゾロ目),ソードアート・オンラインII,36,1818.5,55.6
ｲﾍﾞﾝﾄ:旧イベ(7のつく日/ゾロ目),スマスロ リコリス・リコイル,60,0.0,53.3
ｲﾍﾞﾝﾄ:旧イベ(7のつく日/ゾロ目),A-SLOT+異世界かるてっとBT,34,0.2,52.9
ｲﾍﾞﾝﾄ:旧イベ(7のつく日/ゾロ目),スマスロ炎炎ノ消防隊2,19,327.8,52.6
ｲﾍﾞﾝﾄ:旧イベ(7のつく日/ゾロ目),交響詩篇エウレカセブン HI-EVOLUTION ZERO TYPE-ART,12,0.2,50.0
ｲﾍﾞﾝﾄ:旧イベ(7のつく日/ゾロ目),うみねこのなく頃に2,24,389.5,50.0
ｲﾍﾞﾝﾄ:旧イベ(7のつく日/ゾロ目),アズールレーン THE ANIMATION,10,2394.5,50.0
ｲﾍﾞﾝﾄ:旧イベ(7のつく日/ゾロ目),Lパチスロうみねこのなく頃に2,72,0.2,47.2
ｲﾍﾞﾝﾄ:旧イベ(7のつく日/ゾロ目),スマスロ ゴッドイーター リザレクション,15,0.0,46.7
ｲﾍﾞﾝﾄ:旧イベ(7のつく日/ゾロ目),スマスロ サンダーV,30,-0.2,46.7
ｲﾍﾞﾝﾄ:旧イベ(7のつく日/ゾロ目),スマスロ痛いのは嫌なので防御力に極振りしたいと思います。,24,-0.2,45.8
ｲﾍﾞﾝﾄ:旧イベ(7のつく日/ゾロ目),モンキーターンV,40,338.0,45.0
ｲﾍﾞﾝﾄ:旧イベ(7のつく日/ゾロ目),戦国乙女5 業火を穿つ宿焔の双刃,148,481.8,42.6
ｲﾍﾞﾝﾄ:旧イベ(7のつく日/ゾロ目),L南国育ち SPECIAL,26,136.3,42.3
ｲﾍﾞﾝﾄ:旧イベ(7のつく日/ゾロ目),SHAKE BONUS TRIGGER,43,192.3,41.9
ｲﾍﾞﾝﾄ:旧イベ(7のつく日/ゾロ目),スマスロケロット5BT,12,-0.2,41.7
ｲﾍﾞﾝﾄ:旧イベ(7のつく日/ゾロ目),ヤバチバ,12,592.7,41.7
ｲﾍﾞﾝﾄ:旧イベ(7のつく日/ゾロ目),スマスロ やじきた道中記参る！,17,-0.3,41.2
ｲﾍﾞﾝﾄ:旧イベ(7のつく日/ゾロ目),ToLOVEるダークネス TRANCE ver.8.7,27,541.3,40.7
ｲﾍﾞﾝﾄ:旧イベ(7のつく日/ゾロ目),パチスロ戦国恋姫,72,0.0,40.3
ｲﾍﾞﾝﾄ:旧イベ(7のつく日/ゾロ目),少女☆歌劇 レヴュースタァライト ‐The SLOT‐,20,506.0,40.0
ｲﾍﾞﾝﾄ:旧イベ(7のつく日/ゾロ目),とある魔術の禁書目録2,30,541.5,40.0
ｲﾍﾞﾝﾄ:旧イベ(7のつく日/ゾロ目),戦国コレクション6,118,252.6,39.8
ｲﾍﾞﾝﾄ:旧イベ(7のつく日/ゾロ目),スマスロ 甲鉄城のカバネリ 海門決戦,162,0.0,39.5
ｲﾍﾞﾝﾄ:旧イベ(7のつく日/ゾロ目),ネオアイムジャグラーEX,18,-0.2,38.9
ｲﾍﾞﾝﾄ:旧イベ(7のつく日/ゾロ目),甲鉄城のカバネリ 海門(うなと)決戦,60,314.0,38.3
ｲﾍﾞﾝﾄ:旧イベ(7のつく日/ゾロ目),L ULTRAMAN 最終決戦,8,-0.2,37.5
ｲﾍﾞﾝﾄ:旧イベ(7のつく日/ゾロ目),バンドリ！,24,550.0,37.5
ｲﾍﾞﾝﾄ:旧イベ(7のつく日/ゾロ目),L邪神ちゃんドロップキック,19,-0.3,36.8
ｲﾍﾞﾝﾄ:旧イベ(7のつく日/ゾロ目),邪神ちゃんドロップキック,19,1718.8,36.8
ｲﾍﾞﾝﾄ:旧イベ(7のつく日/ゾロ目),Lタクトオーパス デスティニー,30,-0.3,36.7
ｲﾍﾞﾝﾄ:旧イベ(7のつく日/ゾロ目),マイジャグラーV,84,15.1,35.7
ｲﾍﾞﾝﾄ:旧イベ(7のつく日/ゾロ目),からくりサーカス2,45,732.7,35.6
ｲﾍﾞﾝﾄ:旧イベ(7のつく日/ゾロ目),L戦国乙女5 業火を穿つ宿焔の双刃,221,0.0,35.3
ｲﾍﾞﾝﾄ:旧イベ(7のつく日/ゾロ目),Lバンドリ！,72,-0.3,34.7
ｲﾍﾞﾝﾄ:旧イベ(7のつく日/ゾロ目),プリズムナナ,50,303.0,34.0
ｲﾍﾞﾝﾄ:旧イベ(7のつく日/ゾロ目),L ToLOVEるダークネス TRANCE ver.8.7,54,-0.3,33.3
ｲﾍﾞﾝﾄ:旧イベ(7のつく日/ゾロ目),スマスロ ビッグドリーム THE GOLDEN PUSHER,15,0.0,33.3
ｲﾍﾞﾝﾄ:旧イベ(7のつく日/ゾロ目),A-SLOT+ この素晴らしい世界に祝福を！,18,-0.4,33.3
ｲﾍﾞﾝﾄ:旧イベ(7のつく日/ゾロ目),ミスタージャグラー,24,-0.3,33.3
ｲﾍﾞﾝﾄ:旧イベ(7のつく日/ゾロ目),A-SLOT+ ディスクアップ ULTRAREMIX,18,-0.4,33.3
ｲﾍﾞﾝﾄ:旧イベ(7のつく日/ゾロ目),Lマジカルハロウィン8,18,-0.5,33.3
ｲﾍﾞﾝﾄ:旧イベ(7のつく日/ゾロ目),パチスロ　ツインエンジェルＰＡＲＴＹ,12,-0.2,33.3
ｲﾍﾞﾝﾄ:旧イベ(7のつく日/ゾロ目),回胴式遊技機グランベルム,12,0.0,33.3
ｲﾍﾞﾝﾄ:旧イベ(7のつく日/ゾロ目),スマスロ とんでもスキルで異世界放浪メシ,9,0.0,33.3
ｲﾍﾞﾝﾄ:旧イベ(7のつく日/ゾロ目),東京喰種,15,243.0,33.3
ｲﾍﾞﾝﾄ:旧イベ(7のつく日/ゾロ目),スマスロモンキーターンV,60,-0.3,31.7
ｲﾍﾞﾝﾄ:旧イベ(7のつく日/ゾロ目),真打 吉宗,41,507.8,31.7
ｲﾍﾞﾝﾄ:旧イベ(7のつく日/ゾロ目),スロット ソードアート・オンラインⅡ,108,-0.3,31.5
ｲﾍﾞﾝﾄ:旧イベ(7のつく日/ゾロ目),スマスロ 攻殻機動隊,54,-0.5,31.5
ｲﾍﾞﾝﾄ:旧イベ(7のつく日/ゾロ目),Lパチスロからくりサーカス2,78,-0.3,30.8
ｲﾍﾞﾝﾄ:旧イベ(7のつく日/ゾロ目),アレックス ブライト,36,97.2,30.6
ｲﾍﾞﾝﾄ:旧イベ(7のつく日/ゾロ目),L青春ブタ野郎はバニーガール先輩の夢を見ない,36,0.0,30.6
ｲﾍﾞﾝﾄ:旧イベ(7のつく日/ゾロ目),Lパチスロ炎炎ノ消防隊2,40,-0.3,30.0
ｲﾍﾞﾝﾄ:旧イベ(7のつく日/ゾロ目),Lパチスロ革命機ヴァルヴレイヴ2,30,-0.7,30.0
ｲﾍﾞﾝﾄ:旧イベ(7のつく日/ゾロ目),スマスロ ハナビ,40,152.8,30.0
ｲﾍﾞﾝﾄ:旧イベ(7のつく日/ゾロ目),この素晴らしい世界に祝福を！,24,160.2,29.2
ｲﾍﾞﾝﾄ:旧イベ(7のつく日/ゾロ目),スマスロとある科学の超電磁砲2,18,0.0,27.8
ｲﾍﾞﾝﾄ:旧イベ(7のつく日/ゾロ目),Lパチスロガールズ＆パンツァー 最終章,18,-0.3,27.8
ｲﾍﾞﾝﾄ:旧イベ(7のつく日/ゾロ目),L東京喰種,90,-0.5,26.7
ｲﾍﾞﾝﾄ:旧イベ(7のつく日/ゾロ目),Lひぐらしのなく頃に業,30,-0.2,26.7
ｲﾍﾞﾝﾄ:旧イベ(7のつく日/ゾロ目),スマスロ とある魔術の禁書目録2,45,-0.3,26.7
ｲﾍﾞﾝﾄ:旧イベ(7のつく日/ゾロ目),L D4DJ Pachi-Slot Mix,12,-0.5,25.0
ｲﾍﾞﾝﾄ:旧イベ(7のつく日/ゾロ目),スマート沖スロ ニューキングハナハナV,12,-0.5,25.0
ｲﾍﾞﾝﾄ:旧イベ(7のつく日/ゾロ目),スロット ワールドダイスター,24,-0.7,25.0
ｲﾍﾞﾝﾄ:旧イベ(7のつく日/ゾロ目),ミリオンゴッド‐神々の軌跡‐,12,644.0,25.0
ｲﾍﾞﾝﾄ:旧イベ(7のつく日/ゾロ目),スマスロ ミリオンゴッド-神々の軌跡-,65,-0.7,24.6
ｲﾍﾞﾝﾄ:旧イベ(7のつく日/ゾロ目),スマスロ マギアレコード 魔法少女まどか☆マギカ外伝,180,0.0,23.3
ｲﾍﾞﾝﾄ:旧イベ(7のつく日/ゾロ目),Lアクダマドライブ,9,0.0,22.2
ｲﾍﾞﾝﾄ:旧イベ(7のつく日/ゾロ目),ウルトラミラクルジャグラー,18,-0.5,22.2
ｲﾍﾞﾝﾄ:旧イベ(7のつく日/ゾロ目),スマスロ バイオハザードRE:3,18,0.0,22.2
ｲﾍﾞﾝﾄ:旧イベ(7のつく日/ゾロ目),アニマルスロット ドッチ,14,-0.4,21.4
ｲﾍﾞﾝﾄ:旧イベ(7のつく日/ゾロ目),Lソードアート・オンライン,29,-0.5,20.7
ｲﾍﾞﾝﾄ:旧イベ(7のつく日/ゾロ目),L少女☆歌劇 レヴュースタァライト -The SLOT-,60,-0.5,20.0
ｲﾍﾞﾝﾄ:旧イベ(7のつく日/ゾロ目),スマスロ化物語,64,-0.3,18.8
ｲﾍﾞﾝﾄ:旧イベ(7のつく日/ゾロ目),Lラブ嬢3～Wご指名はいかがですか?～,27,-0.6,18.5
ｲﾍﾞﾝﾄ:旧イベ(7のつく日/ゾロ目),スマスロ スーパーリオエース2,49,0.0,18.4
ｲﾍﾞﾝﾄ:旧イベ(7のつく日/ゾロ目),スマスロBIRDIE WING-Golf Girls’ Story-,18,-0.5,16.7
ｲﾍﾞﾝﾄ:旧イベ(7のつく日/ゾロ目),スマート沖スロ ダークハイビ,12,-0.7,16.7
ｲﾍﾞﾝﾄ:旧イベ(7のつく日/ゾロ目),スロット ゾンビランドサガ,12,-0.7,16.7
ｲﾍﾞﾝﾄ:旧イベ(7のつく日/ゾロ目),Lアズールレーン THE ANIMATION,31,-0.5,16.1
ｲﾍﾞﾝﾄ:旧イベ(7のつく日/ゾロ目),L虚構推理,39,-0.3,15.4
ｲﾍﾞﾝﾄ:旧イベ(7のつく日/ゾロ目),ＳＬＯＴまどか前後編,8,-0.8,12.5
ｲﾍﾞﾝﾄ:旧イベ(7のつく日/ゾロ目),L戦国乙女４　戦乱に閃く炯眼の軍師,20,-0.8,10.0
ｲﾍﾞﾝﾄ:旧イベ(7のつく日/ゾロ目),L無職転生～異世界行ったら本気だす～,12,-0.8,8.3
ｲﾍﾞﾝﾄ:旧イベ(7のつく日/ゾロ目),Lパチスロ喰霊-零-Re,14,-1.0,7.1
