model,設置台数,延べ台日,日数,平均差枚,勝率%,勝,全,平均出率
スマスロ バイオハザード5,2,28,14,1470.3,46.4,13,28,110.2
プリズムナナ,2,270,135,335.5,40.0,108,270,100.0
スマスロ マギアレコード 魔法少女まどか☆マギカ外伝,8,1742,223,323.6,38.3,667,1742,100.4
L無職転生～異世界行ったら本気だす～,2,353,135,316.0,34.6,122,353,100.5
スマスロ痛いのは嫌なので防御力に極振りしたいと思います。,4,1006,223,295.9,40.1,403,1006,100.7
Lソードアート・オンライン,5,903,223,295.8,35.4,320,903,100.0
L ToLOVEるダークネス,2,88,44,250.2,38.6,34,88,100.7
Lパチスロうみねこのなく頃に2,2,396,198,245.2,48.2,191,396,100.6
マイジャグラーV,43,9589,223,240.5,48.0,4602,9589,101.2
この素晴らしい世界に祝福を！,3,653,223,238.7,42.7,279,653,99.7
マジカルハロウィン　～Trick or Treat!～,2,442,186,232.4,43.4,192,442,101.9
A-SLOT+ ディスクアップ ULTRAREMIX,2,660,223,224.3,46.5,307,660,100.9
Lアズールレーン THE ANIMATION,3,636,223,208.9,34.3,218,636,98.8
バーサスリヴァイズ,3,669,223,204.1,44.1,295,669,101.0
L少女☆歌劇 レヴュースタァライト -The SLOT-,2,214,107,189.7,39.3,84,214,102.2
回胴式遊技機グランベルム,2,41,16,179.7,29.3,12,41,93.6
L戦国乙女４　戦乱に閃く炯眼の軍師,6,934,223,167.5,33.2,310,934,99.0
L ToLOVEるダークネス TRANCE ver.8.7,2,18,9,162.2,44.4,8,18,103.6
交響詩篇エウレカセブン HI-EVOLUTION ZERO TYPE-ART,2,446,223,151.6,41.0,183,446,99.1
Lパチスロ革命機ヴァルヴレイヴ2,3,1243,223,149.4,34.4,428,1243,99.1
スマスロ スーパーブラックジャック,2,639,216,145.5,30.4,194,639,99.4
スマスロ化物語,5,1334,223,132.2,34.9,466,1334,98.8
パチスロ　ディスクアップ２,4,1055,223,116.4,44.5,470,1055,100.8
Lパチスロ戦姫絶唱シンフォギア 正義の歌,2,137,48,108.6,30.7,42,137,94.6
スマスロモンキーターンV,13,2601,223,104.1,36.3,943,2601,100.4
スマスロ 東京リベンジャーズ,3,1071,223,101.9,30.5,327,1071,100.0
Lスマスロ北斗の拳,7,1888,223,99.4,39.5,745,1888,100.5
新ハナビ,2,385,188,92.7,43.4,167,385,100.0
ファンキージャグラー２ＫＴ,5,1115,223,90.8,38.7,432,1115,99.6
スマスロ ゴブリンスレイヤーⅡ,3,178,44,89.9,36.5,65,178,103.2
スマスロバジリスク～甲賀忍法帖～絆2 天膳 BLACK EDITION,2,621,198,89.8,27.5,171,621,96.4
パチスロ　甲鉄城のカバネリ,2,455,223,83.1,37.1,169,455,97.9
スマスロ北斗の拳 転生の章2,7,2823,223,78.8,35.5,1002,2823,100.5
スマスロ 甲鉄城のカバネリ 海門決戦,14,3204,214,63.0,40.7,1304,3204,100.5
ミスタージャグラー,3,669,223,62.8,38.7,259,669,98.8
ウルトラミラクルジャグラー,3,669,223,61.3,41.0,274,669,99.2
スマスロBIRDIE WING-Golf Girls’ Story-,2,112,56,54.8,36.6,41,112,102.6
スマスロ サンダーV,2,428,214,46.9,43.5,186,428,99.6
ネオアイムジャグラーEX,33,7359,223,44.8,40.4,2970,7359,99.9
スマート沖スロ ニューキングハナハナV,3,596,163,32.8,33.2,198,596,98.4
スマスロ やじきた道中記参る！,4,275,60,31.7,41.1,113,275,100.1
ゴーゴージャグラー３,10,2230,223,24.6,38.5,858,2230,99.5
キングハナハナ-30,3,54,18,24.3,37.0,20,54,98.8
スマスロ タコスロ,2,50,25,23.7,48.0,24,50,100.1
ジャグラーガールズSS,5,1115,223,14.2,37.6,419,1115,98.9
アレックス ブライト,2,786,223,5.8,39.4,310,786,99.2
ハッピージャグラーＶＩＩＩ,7,1561,223,5.8,36.3,567,1561,99.1
クランキークレスト,2,326,163,-2.8,36.5,119,326,98.3
スマスロ秘宝伝,2,274,79,-3.2,31.4,86,274,97.9
Lタクトオーパス デスティニー,2,288,144,-3.8,31.6,91,288,99.6
スマスロネオプラネット,2,18,9,-5.1,33.3,6,18,93.9
A-SLOT+異世界かるてっとBT,2,308,154,-13.3,39.3,121,308,98.6
スマスロとある科学の超電磁砲2,2,356,156,-38.1,29.8,106,356,95.9
スマスロ ゴッドイーター リザレクション,2,842,223,-42.4,36.5,307,842,100.3
Lパチスロ炎炎ノ消防隊2,3,1484,223,-48.2,36.1,536,1484,99.0
L ＨＥＹ！エリートサラリーマン鏡,3,369,130,-48.8,35.5,131,369,96.0
スマスロ ハナビ,3,946,223,-49.5,35.8,339,946,98.4
戦国コレクション6,4,268,88,-50.1,38.8,104,268,100.2
L主役は銭形5,3,228,79,-57.1,33.8,77,228,98.0
スマスロ モンスターハンターライズ,2,756,223,-58.3,34.1,258,756,98.0
スマスロ鉄拳6,2,551,135,-66.3,31.8,175,551,98.1
L戦国乙女5 業火を穿つ宿焔の双刃,9,1009,116,-72.9,39.1,395,1009,99.1
クレアの秘宝伝～はじまりの扉と太陽の石～ボーナストリガーver.,2,130,65,-74.4,29.2,38,130,95.5
スマスロ スーパーリオエース2,2,575,144,-76.3,32.2,185,575,94.1
L南国育ち SPECIAL,2,176,88,-79.2,34.1,60,176,97.9
いざ！番長,3,391,135,-86.3,28.1,110,391,95.1
スロット ワールドダイスター,3,180,60,-103.2,41.1,74,180,99.9
L東京喰種,13,3322,223,-108.4,37.1,1234,3322,98.5
Lパチスロからくりサーカス2,4,744,88,-114.7,36.3,270,744,99.5
沖ドキ！ＧＯＬＤ-30,9,2007,223,-127.2,45.8,920,2007,98.9
L青春ブタ野郎はバニーガール先輩の夢を見ない,4,100,25,-130.4,42.0,42,100,98.5
スマスロ 攻殻機動隊,4,892,223,-132.3,32.3,288,892,98.8
Lパチスロ彼女、お借りします,3,75,25,-145.8,34.7,26,75,98.8
スマスロ シャーマンキング,2,403,198,-154.0,26.1,105,403,93.8
Lパチスロ 機動戦士ガンダムユニコーン 覚醒DRIVE,4,154,28,-169.4,35.1,54,154,99.6
Lパチスロからくりサーカス,2,46,23,-176.0,26.1,12,46,90.0
スマスロ リコリス・リコイル,15,375,25,-178.2,35.5,133,375,98.4
スマスロ新鬼武者3,2,750,223,-183.9,28.9,217,750,95.1
Lパチスロ かぐや様は告らせたい,2,318,86,-189.4,23.9,76,318,94.5
スロット ソードアート・オンラインⅡ,12,1181,116,-199.2,36.7,434,1181,98.9
Lパチスロ喰霊-零-Re,3,135,45,-207.8,32.6,44,135,96.8
沖ドキ!ゴージャス 30Φ,3,669,223,-246.8,40.5,271,669,98.2
真打 吉宗,6,1074,179,-261.5,36.1,388,1074,97.9
L範馬刃牙,2,116,58,-270.2,28.4,33,116,91.6
スマスロ 沖ドキ!DUO アンコール,4,1228,223,-299.3,34.3,421,1228,97.1
スマスロ バイオハザードRE:3,2,637,119,-309.2,23.9,152,637,96.3
スマスロ とある魔術の禁書目録2,5,300,60,-310.0,35.0,105,300,95.4
スマスロ ストリートファイター6,2,243,60,-311.6,30.9,75,243,96.2
スマスロ ビッグドリーム THE GOLDEN PUSHER,3,315,105,-317.8,33.0,104,315,100.1
スマスロヨルムンガンド,2,182,91,-329.1,28.6,52,182,97.2
ローティス,2,30,15,-422.5,33.3,10,30,96.9
スマスロ 七つの魔剣が支配する,2,18,9,-752.0,11.1,2,18,85.1
モグモグ風林火山 大海戦の巻,3,72,24,-756.4,31.9,23,72,94.1
モグモグ風林火山　大海戦の巻,3,3,1,-797.0,33.3,1,3,91.0
スマスロ ミリオンゴッド-神々の軌跡-,10,1650,165,-871.8,28.2,466,1650,94.2
Ｌパチスロ　喰霊－零－Ｒｅ,3,3,1,-2095.0,0.0,0,3,90.2
